,2025,2020,2015,2010,2005,2000,1995,1990,1980,1970
Alcona,"10,556",10167,10330,10942,11489,11719,10538,10145,"9,740","7,113"
Alger,"8,641",8842,9255,9601,9535,9862,9936,8972,"9,225","8,568"
Allegan,"123,188",120502,114112,111408,111985,105665,97412,90509,"81,555","66,575"
Alpena,"28,853",28907,28722,29598,30135,31314,30649,30605,"32,315","30,708"
Antrim,"24,698",23431,23035,23580,24198,23110,20155,18185,"16,194","12,612"
Arenac,"15,068",15002,15307,15899,16955,17269,16137,14906,"14,706","11,149"
Baraga,"8,169",8158,8585,8860,8687,8746,8483,7954,"8,484","7,789"
Barry,"63,991",62423,59426,59173,58976,56755,52882,50057,"45,781","38,166"
Bay,"102,123",103856,105237,107771,108673,110157,111219,111723,"119,881","117,339"
Benzie,"18,568",17970,17390,17525,17439,15998,13710,12200,"11,205","8,593"
Berrien,"152,444",154316,155022,156813,160467,162453,161546,161378,"171,276","163,940"
Branch,"45,993",44862,43639,45248,46356,45787,42759,41502,"40,188","37,906"
Calhoun,"133,408",134310,134327,136146,138289,137985,139287,135982,"141,579","141,963"
Cass,"51,677",51589,51342,52293,50909,51104,49546,49477,"49,499","43,312"
Charlevoix,"26,036",26054,26210,25949,26286,26090,23487,21468,"19,907","16,541"
Cheboygan,"25,793",25579,25399,26152,27061,26448,22716,21398,"20,649","16,573"
Chippewa,"36,081",36785,37973,38520,38605,38543,36788,34604,"29,029","32,412"
Clare,"31,543",30856,30616,30926,31212,31252,27989,24952,"23,822","16,695"
Clinton,"80,432",79128,77009,75382,68818,64753,61609,57893,"55,893","48,492"
Crawford,"13,722",12988,13853,14074,14732,14273,13568,12260,"9,465","6,482"
Delta,"36,582",36903,36415,37069,37823,38520,38742,37780,"38,947","35,924"
Dickinson,"25,827",25947,25661,26168,27219,27472,27133,26831,"25,341","23,753"
Eaton,"109,581",109175,108661,107759,107237,103655,98570,92879,"88,337","68,892"
Emmet,"33,775",34112,32924,32694,33298,31437,27360,25040,"22,992","18,331"
Genesee,"401,093",406211,410461,425790,439050,436141,433930,430459,"450,449","445,589"
Gladwin,"26,077",25386,25227,25692,26748,26023,24130,21896,"19,957","13,471"
Gogebic,"14,285",14380,15536,16427,16558,17370,17803,18052,"19,686","20,676"
GrandTraverse,"96,729",95238,91541,86986,83415,77654,70671,64273,"54,899","39,175"
Gratiot,"41,190",41761,41331,42476,42166,42285,39935,38982,"40,448","39,246"
Hillsdale,"45,738",45746,45883,46688,46818,46527,45288,43431,"42,071","37,171"
Houghton,"37,842",37361,36228,36628,35514,36016,35977,35446,"37,872","34,652"
Huron,"30,530",31407,31763,33118,34072,36079,35235,34951,"36,459","34,083"
Ingham,"289,709",284900,287096,280895,280354,279320,284929,281912,"275,520","261,039"
Ionia,"66,557",66804,64056,63905,63878,61518,64394,57024,"51,815","45,848"
Iosco,"25,266",25237,25343,25887,26530,27339,24988,30209,"28,349","24,905"
Iron,"11,757",11631,11320,11817,12158,13138,13154,13175,"13,635","13,813"
Isabella,"64,691",64394,70767,70311,66164,63351,56789,54624,"54,110","44,594"
Jackson,"159,552",160366,159264,160248,162561,158422,153414,149756,"151,495","143,274"
Kalamazoo,"263,795",261670,259676,250331,242419,238603,228122,223411,"212,378","201,550"
Kalkaska,"18,693",17939,17248,17153,17110,16571,14917,13497,"10,952","5,372"
Kent,"675,232",657974,637164,602622,595339,574335,530818,500631,"444,506","411,044"
Keweenaw,"2,186",2046,2123,2156,2116,2301,1953,1701,"1,963","2,264"
Lake,"13,182",12096,11697,11539,11663,11333,9581,8583,"7,711","5,661"
Lapeer,"89,516",88619,88368,88319,92337,87904,83505,74768,"70,038","52,361"
Leelanau,"22,982",22301,21633,21708,21847,21119,18207,16527,"14,007","10,872"
Lenawee,"97,779",99423,98391,99892,101056,98890,96323,91476,"89,948","81,951"
Livingston,"197,315",193866,187171,180967,179238,156951,133334,115645,"100,289","58,967"
Luce,"6,339",5339,6430,6631,6753,7024,5580,5763,"6,659","6,789"
Mackinac,"11,236",10834,10821,11113,11170,11943,11040,10674,"10,178","9,660"
Macomb,"886,221",881217,864960,840978,824621,788149,765957,717400,"694,600","625,309"
Manistee,"25,656",25032,24457,24733,24936,24527,22854,21265,"23,019","20,393"
Marquette,"68,064",66017,67326,67077,65109,64634,65279,70887,"74,101","64,686"
Mason,"29,040",29052,28738,28705,28710,28274,27378,25537,"26,365","22,612"
Mecosta,"42,320",39714,43005,42798,42317,40553,37509,37308,"36,961","27,992"
Menominee,"22,941",23502,23476,24029,24556,25326,24539,24920,"26,201","24,587"
Midland,"83,754",83494,83662,83629,83123,82874,79541,75651,"73,578","63,769"
Missaukee,"15,274",15052,14882,14849,15034,14478,13461,12147,"10,009","7,126"
Monroe,"156,004",154809,149353,152021,152219,145945,138906,133600,"134,659","119,215"
Montcalm,"69,406",66614,62763,63342,63098,61266,57951,53059,"47,555","39,660"
Montmorency,"9,842",9153,9287,9765,10350,10315,9716,8936,"7,492","5,247"
Muskegon,"177,901",175824,172447,172188,173981,170200,163620,158983,"157,589","157,426"
Newaygo,"51,622",49978,47882,48460,49419,47874,43428,38206,"34,917","27,992"
Oakland,"1,288,337",1274395,1244602,1202362,1204396,1194156,1150954,1083592,"1,011,793","907,871"
Oceana,"27,177",26659,26323,26570,27892,26873,23941,22455,"22,002","17,984"
Ogemaw,"21,121",20770,20877,21699,21622,21645,20593,18681,"16,436","11,903"
Ontonagon,"5,823",5816,6037,6780,7234,7818,8587,8854,"9,861","10,548"
Osceola,"23,516",22891,23177,23528,23416,23197,21743,20146,"18,928","14,838"
Oscoda,"8,723",8219,8277,8640,9036,9418,8686,7842,"6,858","4,726"
Otsego,"26,080",25091,24203,24164,24290,23301,20752,17957,"14,993","10,422"
Ottawa,"308,459",296200,280859,263801,254044,238314,210013,187768,"157,174","128,181"
PresqueIsle,"13,128",12982,12801,13376,13998,14411,14320,13743,"14,267","12,836"
Roscommon,"23,914",23459,23912,24449,25720,25469,22428,19776,"16,374","9,892"
Saginaw,"187,688",190124,193305,200169,206427,210039,211599,211946,"228,059","219,743"
SaintClair,"160,486",160383,159700,163040,169527,164235,154081,145607,"138,802","120,175"
SaintJoseph,"60,968",60939,60804,61295,62392,62422,60466,58913,"56,083","47,392"
Sanilac,"40,083",40611,41464,43114,43998,44547,41992,39928,"40,789","35,181"
Schoolcraft,"8,187",8047,8121,8485,8656,8903,8700,8302,"8,575","8,226"
Shiawassee,"67,681",68094,68505,70648,72249,71687,71942,69770,"71,140","63,075"
Tuscola,"52,680",53323,53726,55729,57526,58266,57294,55498,"56,961","48,603"
VanBuren,"76,071",75587,75060,76258,77973,76263,74323,70060,"66,814","56,173"
Washtenaw,"370,214",372258,362975,344791,343615,322895,291377,282937,"264,740","234,103"
Wayne,"1,769,038",1793561,1764872,1820584,2025951,2061162,2131160,2111687,"2,337,843","2,670,368"
Wexford,"34,445",33673,32889,32735,31573,30484,28543,26360,"25,102","19,717"
Michigan,"10,127,884",10077331,9931715,9883640,10092426,9938444,9659871,9295287,"9,262,044","8,881,826"