station name,latitude,longitude,county,peninsula,# months
"HARRISVILLE STATE PARK, MI US",44.64975,-83.29585,Alcona,lower,82
"GLENNIE 2 SE, MI US",44.5358,-83.7022,Alcona,lower,47
"MUNISING, MI US",46.4121,-86.6625,Alger,upper,115
"CHATHAM EXPERIMENT FARM 2, MI US",46.3414,-86.9242,Alger,upper,96
"GRAND MARAIS, MI US",46.66667,-85.95,Alger,upper,69
"CHATHAM 1 SE, MI US",46.3345,-86.92,Alger,upper,60
"MUNSING LAKESHORE, MI US",46.412036,-86.650452,Alger,upper,60
"ALLEGAN 5 NE, MI US",42.5799,-85.7893,Allegan,lower,58
"ALPENA CO REGIONAL AIRPORT, MI US",45.0716,-83.56451,Alpena,lower,120
"ALPENA WASTEWATER PLANT, MI US",45.0605,-83.428,Alpena,lower,113
"STANDISH 4 NE, MI US",44.0126,-83.8977,Arenac,lower,105
"HERMAN, MI US",46.6653,-88.3772,Baraga,upper,115
"ALBERTA FORD FOR CENTER, MI US",46.6448,-88.4812,Baraga,upper,89
"WATTON 2 WSW, MI US",46.52664,-88.64243,Baraga,upper,54
"BARAGA 7 NW, MI US",46.8208,-88.6064,Baraga,upper,42
"HASTINGS, MI US",42.64208,-85.28819,Barry,lower,118
"SAGINAW MBS INTERNATIONAL AIRPORT, MI US",43.52808,-84.08133,Bay,lower,120
"ESSEXVILLE, MI US",43.6155,-83.845,Bay,lower,59
"AUBURN 2 NE, MI US",43.6252,-84.0188,Bay,lower,41
"FRANKFORT 2 NE, MI US",44.64822,-86.20986,Benzie,lower,115
"BEAR MICHIGAN, MI US",44.8019,-86.0508,Benzie,lower,60
"BEULAH 7 SSW, MI US",44.5316,-86.1311,Benzie,lower,60
"BENTON HARBOR AIRPORT, MI US",42.1245,-86.4266,Berrien,lower,88
"EAU CLAIRE 4 NE, MI US",42.0153,-86.243,Berrien,lower,84
"BENTON HARBOR, MI US",42.12894,-86.41518,Berrien,lower,70
"NILES, MI US",41.8405,-86.2658,Berrien,lower,48
"COLDWATER ST SCHOOL, MI US",41.9622,-84.9925,Branch,lower,119
"BATTLE CREEK 5 NW, MI US",42.3678,-85.2634,Calhoun,lower,102
"BATTLE CREEK KELLOGG AIRPORT, MI US",42.31192,-85.24147,Calhoun,lower,69
"DOWAGIAC 1 W, MI US",41.9856,-86.132,Cass,lower,116
"BOYNE FALLS, MI US",45.1672,-84.9138,Charlevoix,lower,120
"BEAVER ISLAND, MI US",45.6911,-85.5463,Charlevoix,lower,110
"EAST JORDAN, MI US",45.15179,-85.1324,Charlevoix,lower,93
"CHARLEVOIX, MI US",45.3172,-85.2672,Charlevoix,lower,72
"EAST JORDAN 2 NW, MI US",45.1863,-85.1477,Charlevoix,lower,36
"CHEBOYGAN, MI US",45.65225,-84.47239,Cheboygan,lower,120
"SAULT STE MARIE SANDERSON FIELD, MI US",46.47998,-84.35809,Chippewa,upper,120
"TAHQUAMENON FALLS S P, MI US",46.6013,-85.2238,Chippewa,upper,108
"SAULT STE MARIE, MI US",46.48913,-84.31932,Chippewa,upper,72
"DETOUR VILLAGE, MI US",45.9983,-83.9013,Chippewa,upper,71
"TROUT LAKE 1 SW, MI US",46.1796,-85.0311,Chippewa,upper,67
"WHITEFISH POINT, MI US",46.7475,-84.9857,Chippewa,upper,62
"RACO MICHIGAN, MI US",46.25,-84.5833,Chippewa,upper,59
"RUDYARD 4 N, MI US",46.2963,-84.5761,Chippewa,upper,46
"PICKFORD 3 NE, MI US",46.1863,-84.3238,Chippewa,upper,42
"LANSING CAPITAL CITY AIRPORT, MI US",42.77609,-84.59972,Clinton,lower,120
"SAINT JOHNS, MI US",43.0128,-84.5547,Clinton,lower,82
"GRAYLING, MI US",44.64536,-84.69921,Crawford,lower,117
"FAYETTE 4 SW, MI US",45.66667,-86.71667,Delta,upper,47
"CORNELL 5 SE, MI US",45.8269,-87.1589,Delta,upper,46
"GARDEN CORNERS, MI US",45.8983,-86.5485,Delta,upper,36
"IRON MTN KINGSFORD WWTP, MI US",45.7858,-88.0841,Dickinson,upper,84
"IRON MOUNTAIN FORD AIRPORT, MI US",45.81339,-88.11292,Dickinson,upper,72
"CHARLOTTE, MI US",42.5499,-84.825,Eaton,lower,89
"PELLSTON REGIONAL AIRPORT, MI US",45.5644,-84.79291,Emmet,lower,120
"PETOSKEY, MI US",45.3725,-84.9766,Emmet,lower,108
"CROSS VILLAGE 1 E, MI US",45.6413,-85.0141,Emmet,lower,103
"PETOSKEY NCMC, MI US",45.3613,-84.9512,Emmet,lower,48
"FLINT FCWOS, MI US",42.96684,-83.74996,Genesee,lower,120
"GOODRICH, MI US",42.9163,-83.5097,Genesee,lower,60
"FLINT 7 W, MI US",43.0377,-83.7694,Genesee,lower,55
"LINDEN WWTP, MI US",42.8133,-83.8038,Genesee,lower,55
"BURTON 4 N, MI US",43.0675,-83.5919,Genesee,lower,41
"GLADWIN, MI US",43.9758,-84.4908,Gladwin,lower,108
"IRONWOOD, MI US",46.4656,-90.1892,Gogebic,upper,104
"WATERSMEET MICHIGAN, MI US",46.2689,-89.17,Gogebic,upper,57
"WATERSMEET, MI US",46.2778,-89.1742,Gogebic,upper,39
"TRAVERSE CITY CHERRY CAPITAL AIRPORT, MI US",44.73895,-85.5679,GrandTraverse,lower,120
"TRAVERSE CITY MUNSON, MI US",44.7607,-85.6443,GrandTraverse,lower,48
"OLD MISSION 3 SSW, MI US",44.9215,-85.5161,GrandTraverse,lower,47
"FIFE LAKE 2 WNW, MI US",44.5848,-85.3653,GrandTraverse,lower,36
"ALMA, MI US",43.38686,-84.64818,Gratiot,lower,93
"HILLSDALE, MI US",41.9352,-84.6411,Hillsdale,lower,114
"HANCOCK HOUGHTON CO AIRPORT, MI US",47.16594,-88.48076,Houghton,upper,119
"JACOBSVILLE, MI US",47.0083,-88.4318,Houghton,upper,36
"BAD AXE, MI US",43.808,-82.9938,Huron,lower,117
"PORT HOPE, MI US",43.9483,-82.7141,Huron,lower,99
"HARBOR BEACH 1 SSE, MI US",43.8322,-82.6427,Huron,lower,95
"FILION 5 NNW, MI US",43.9158,-83.083,Huron,lower,61
"EAST LANSING 4 S, MI US",42.67417,-84.485,Ingham,lower,71
"IONIA 2 SSW, MI US",42.953,-85.0777,Ionia,lower,67
"HALE LOUD DAM, MI US",44.4633,-83.7216,Iosco,lower,119
"EAST TAWAS, MI US",44.2838,-83.5036,Iosco,lower,107
"STAMBAUGH 2 SSE, MI US",46.0555,-88.6275,Iron,upper,118
"AMASA 1 W, MI US",46.2347,-88.4544,Iron,upper,73
"CENTRAL MICHIGAN UNIVERSITY, MI US",43.5859,-84.7694,Isabella,lower,93
"JACKSON REYNOLDS FIELD, MI US",42.26373,-84.45644,Jackson,lower,119
"GULL LAKE BIOLOGICAL STATION, MI US",42.3941,-85.385,Kalamazoo,lower,77
"KALAMAZOO BATTLE CREEK INTERNATIONAL AIRPORT, MI US",42.22826,-85.546,Kalamazoo,lower,71
"KALKASKA, MI US",44.728,-85.1727,Kalkaska,lower,90
"KALKASKA 11 SE, MI US",44.5897,-85.0486,Kalkaska,lower,36
"GRAND RAPIDS GERALD R FORD INTERNATIONAL AIRPORT, MI US",42.8821,-85.52297,Kent,lower,120
"WINDIGO MICHIGAN, MI US",47.9117,-89.1547,Keweenaw,upper,42
"COPPER HARBOR, MI US",47.467386,-87.875032,Keweenaw,upper,71
"COPPER HARBOR FORT WILKINS, MI US",47.4679,-87.8671,Keweenaw,upper,59
"BALDWIN MICHIGAN, MI US",43.8933,-85.8506,Lake,lower,59
"BALDWIN, MI US",43.9005,-85.8505,Lake,lower,56
"LAPEER WWTP, MI US",43.0608,-83.3074,Lapeer,lower,118
"LAPEER 2 W, MI US",43.05733,-83.36032,Lapeer,lower,48
"MAPLE CITY 1 E, MI US",44.855,-85.8352,Leelanau,lower,98
"NW MICHIGAN RESEARCH FARM, MI US",44.883,-85.6752,Leelanau,lower,72
"NORTHPORT 2 W, MI US",45.1322,-85.6472,Leelanau,lower,59
"ADRIAN 2 NNE, MI US",41.91636,-84.01635,Lenawee,lower,110
"ADRIAN LENAWEE CO AIRPORT, MI US",41.86784,-84.07946,Lenawee,lower,69
"MORENCI, MI US",41.7216,-84.2147,Lenawee,lower,57
"TECUMSEH, MI US",42.0027,-83.9336,Lenawee,lower,47
"TIPTON 2 WNW, MI US",42.0283,-84.1108,Lenawee,lower,38
"NEWBERRY LUCE CO ROAD COMMISSION, MI US",46.35155,-85.51629,Luce,upper,85
"SPINCICH LAKE MICHIGAN, MI US",46.4578,-85.6272,Luce,upper,53
"ST IGNACE MACKINAC B, MI US",45.8488,-84.7227,Mackinac,upper,60
"MORAN, MI US",45.9902,-84.8361,Mackinac,upper,48
"ENGADINE MDOT, MI US",46.128,-85.5696,Mackinac,upper,47
"MOUNT CLEMENS ANG BASE, MI US",42.6083,-82.8183,Macomb,lower,117
"RICHMOND 4 NNW, MI US",42.8783,-82.7958,Macomb,lower,60
"MANISTEE 3 SE, MI US",44.2113,-86.2938,Manistee,lower,104
"WELLSTON 1 N, MI US",44.2294,-85.9572,Manistee,lower,39
"MARQUETTE WEATHER FORECAST OFFICE, MI US",46.5313,-87.5491,Marquette,upper,120
"MARQUETTE, MI US",46.5458,-87.3795,Marquette,upper,119
"BIG BAY 1 NW, MI US",46.8325,-87.7504,Marquette,upper,85
"CHAMPION VAN RIPER P, MI US",46.5193,-87.9859,Marquette,upper,68
"CLARKSBURG, MI US",46.49909,-87.84506,Marquette,upper,53
"ISHPEMING WWTP, MI US",46.4911,-87.6894,Marquette,upper,47
"LUDINGTON, MI US",43.9066,-86.3942,Mason,lower,72
"BIG RAPIDS WATER TREATMENT PLANT, MI US",43.7072,-85.4819,Mecosta,lower,117
"STEPHENSON 8 WNW, MI US",45.39028,-87.7025,Menominee,upper,68
"MIDLAND, MI US",43.6088,-84.2011,Midland,lower,110
"LAKE CITY EXPERIMENTAL FARM, MI US",44.3088,-85.205,Missaukee,lower,120
"MONROE, MI US",41.91389,-83.39417,Monroe,lower,77
"DUNDEE, MI US",41.9552,-83.6488,Monroe,lower,57
"NEWPORT 4 SSE, MI US",41.9497,-83.28,Monroe,lower,46
"MILAN WWTP, MI US",42.0811,-83.6769,Monroe,lower,40
"MILAN 4 ESE, MI US",42.06639,-83.61861,Monroe,lower,39
"GREENVILLE 2 NNE, MI US",43.2026,-85.2421,Montcalm,lower,108
"ATLANTA, MI US",45.00471,-84.14043,Montmorency,lower,59
"ATLANTA 5 WNW, MI US",45.02833,-84.23306,Montmorency,lower,55
"MUSKEGON CO AIRPORT, MI US",43.17111,-86.23685,Muskegon,lower,120
"MONTAGUE 4 NW, MI US",43.461,-86.41773,Muskegon,lower,111
"FREMONT 4 WSW, MI US",43.44527,-86.02646,Newaygo,lower,42
"MILFORD GM PROVING GROUND, MI US",42.5794,-83.6844,Oakland,lower,91
"PONTIAC OAKLAND CO INTERNATIONAL AIRPORT, MI US",42.66314,-83.41016,Oakland,lower,71
"WHITE LAKE 4 E, MI US",42.698,-83.4716,Oakland,lower,69
"FARMINGTON, MI US",42.4669,-83.3625,Oakland,lower,60
"PONTIAC WWTP, MI US",42.6388,-83.2555,Oakland,lower,60
"HART 3 WSW, MI US",43.6751,-86.4228,Oceana,lower,94
"HESPERIA 4 WNW, MI US",43.5908,-86.1056,Oceana,lower,76
"WEST BRANCH 3 SE, MI US",44.2541,-84.2011,Ogemaw,lower,119
"LUPTON 1 S, MI US",44.4199,-84.0232,Ogemaw,lower,102
"BERGLAND DAM, MI US",46.5869,-89.5475,Ontonagon,upper,109
"ONTONAGON 6 SE, MI US",46.8343,-89.2074,Ontonagon,upper,72
"PAULDING, MI US",46.3976,-89.1794,Ontonagon,upper,36
"MIO HYDRO PLANT, MI US",44.6613,-84.1316,Oscoda,lower,70
"MIO MICHIGAN, MI US",44.6761,-84.1283,Oscoda,lower,60
"MIO WWTP, MI US",44.6466,-84.1158,Oscoda,lower,47
"GAYLORD 9 SSW, MI US",44.90715,-84.71891,Otsego,lower,120
"GAYLORD, MI US",45.0332,-84.7113,Otsego,lower,108
"VANDERBILT 11 ENE, MI US",45.1702,-84.4397,Otsego,lower,104
"GAYLORD OTSEGO CO AIRPORT, MI US",45.01657,-84.68942,Otsego,lower,71
"HOLLAND TULIP CITY AIRPORT, MI US",42.74634,-86.09677,Ottawa,lower,72
"HOLLAND WTP, MI US",42.7989,-86.20635,Ottawa,lower,70
"GRAND HAVEN FIRE DEPARTMENT, MI US",43.06222,-86.22444,Ottawa,lower,50
"ONAWAY 4 N, MI US",45.4108,-84.2233,PresqueIsle,lower,107
"ROGERS CITY, MI US",45.4169,-83.8158,PresqueIsle,lower,60
"HOUGHTON LAKE ROSCOMMON CO AIRPORT, MI US",44.35904,-84.6739,Roscommon,lower,120
"HOUGHTON LAKE 6 WSW, MI US",44.3119,-84.8922,Roscommon,lower,102
"SAGINAW NUMBER 3, MI US",43.4122,-83.9561,Saginaw,lower,59
"SAINT CHARLES, MI US",43.3,-84.16667,Saginaw,lower,46
"LEXINGTON WATER PLANT, MI US",43.26319,-82.5327,Sanilac,lower,57
"SANDUSKY, MI US",43.4194,-82.8191,Sanilac,lower,37
"MANISTIQUE WWTP, MI US",45.9512,-86.2513,Schoolcraft,upper,119
"SENEY MICHIGAN, MI US",46.2403,-85.9428,Schoolcraft,upper,60
"DOE LAKE MICHIGAN, MI US",46.2536,-86.7142,Schoolcraft,upper,58
"SENEY WILDLIFE REF, MI US",46.28333,-85.95,Schoolcraft,upper,37
"OWOSSO WWTP, MI US",43.0161,-84.18,Shiawassee,lower,105
"DURAND WWTP, MI US",42.9269,-83.9894,Shiawassee,lower,56
"PORT HURON, MI US",42.975,-82.4194,SaintClair,lower,77
"ALGONAC WWTP, MI US",42.6158,-82.5436,SaintClair,lower,46
"THREE RIVERS, MI US",41.9299,-85.6385,SaintJoseph,lower,119
"CARO WWTP, MI US",43.4838,-83.3919,Tuscola,lower,110
"CASS CITY 1 SSW, MI US",43.5861,-83.1805,Tuscola,lower,61
"VASSAR, MI US",43.3656,-83.5828,Tuscola,lower,47
"BLOOMINGDALE, MI US",42.3838,-85.9626,VanBuren,lower,100
"SOUTH HAVEN, MI US",42.4014,-86.2826,VanBuren,lower,73
"ANN ARBOR U OF MICH, MI US",42.29806,-83.66388,Washtenaw,lower,119
"ANN ARBOR MUNICIPAL AIRPORT, MI US",42.22393,-83.73983,Washtenaw,lower,71
"ANN ARBOR SE, MI US",42.2416,-83.6933,Washtenaw,lower,60
"CHELSEA, MI US",42.3263,-84.0133,Washtenaw,lower,59
"SALINE 4 SW, MI US",42.1236,-83.8199,Washtenaw,lower,55
"MANCHESTER, MI US",42.1508,-84.0236,Washtenaw,lower,48
"WHITMORE LAKE 1 NW, MI US",42.4355,-83.783,Washtenaw,lower,47
"DETROIT METRO AIRPORT, MI US",42.23113,-83.33121,Wayne,lower,120
"DETROIT CITY AIRPORT, MI US",42.40725,-83.00899,Wayne,lower,118
"DEARBORN, MI US",42.31917,-83.23839,Wayne,lower,105
"DETROIT WILLOW RUN AIRPORT, MI US",42.23666,-83.52638,Wayne,lower,69
"GROSSE POINTE FARMS, MI US",42.4077,-82.8891,Wayne,lower,66
"DEARBORN NUMBER 2, MI US",42.3469,-83.1736,Wayne,lower,41
"CADILLAC, MI US",44.2655,-85.3966,Wexford,lower,114
"CADILLAC 9 AND 10 NEWS, MI US",44.21138,-85.40865,Wexford,lower,39
"KENTON, MI US",#N/A,#N/A,,,0
"BEECHWOOD 7 WNW, MI US",#N/A,#N/A,,,0
"K.I. SAWYER WWTP, MI US",#N/A,#N/A,,,0
"RUDYARD 5 SE, MI US",#N/A,#N/A,,,0
"ST. IGNACE, MI US",#N/A,#N/A,,,0
"CARLETON 2 W, MI US",#N/A,#N/A,,,0
"HOUGHTON LAKE 2 NW, MI US",#N/A,#N/A,,,0
"KALAMAZOO STATE HOSPITAL, MI US",#N/A,#N/A,,,0
"SOUTH BOARDMAN 2 W, MI US",#N/A,#N/A,,,0
"YALE 1 NNW, MI US",#N/A,#N/A,,,0
"DUNBAR FOREST EXPERIMENTAL ST, MI US",#N/A,#N/A,,,0
"EAST GRAND RAPIDS, MI US",#N/A,#N/A,,,0
"EATON RAPIDS, MI US",#N/A,#N/A,,,0
"GRAND HAVEN WASTEWATER PLANT, MI US",#N/A,#N/A,,,0
"HALE 5 SSW NUMBER 2, MI US",#N/A,#N/A,,,0
"PORT AUSTIN WWTP, MI US",#N/A,#N/A,,,0
"KENT CITY 2 SW, MI US",#N/A,#N/A,,,0
"GREENLAND 6 N, MI US",#N/A,#N/A,,,0
"SALINE WWTP, MI US",#N/A,#N/A,,,0
"ALPENA 10 NW, MI US",#N/A,#N/A,,,0
"BARAGA, MI US",#N/A,#N/A,,,0
"BLISSFIELD 1 NNE, MI US",#N/A,#N/A,,,0
"CASEVILLE, MI US",#N/A,#N/A,,,0
"EVART, MI US",#N/A,#N/A,,,0
"GWINN K I SAWYER AFB, MI US",#N/A,#N/A,,,0
"HOWELL WWTP, MI US",#N/A,#N/A,,,0
"IRONWOOD NUMBER 2, MI US",#N/A,#N/A,,,0
"ISHPEMING, MI US",#N/A,#N/A,,,0
"KINGSLEY 2 WSW, MI US",#N/A,#N/A,,,0
"ROGERS CITY HOEFT SP, MI US",#N/A,#N/A,,,0
"SAGINAW CON POWER CO, MI US",#N/A,#N/A,,,0
"WILLIS 5 SSW, MI US",#N/A,#N/A,,,0
"BRULE ISLAND, WI US",#N/A,#N/A,,,0
"CORUNNA 2 NE, MI US",#N/A,#N/A,,,0
"COVINGTON 1 NNW, MI US",#N/A,#N/A,,,0
"ESCANABA DELTA CO AIRPORT, MI US",#N/A,#N/A,,,0
"HOUGHTON MTU, MI US",#N/A,#N/A,,,0
"OSCODA WURTSMITH AIRPORT, MI US",#N/A,#N/A,,,0
"PELLSTON AIRPORT NUMBER 2, MI US",#N/A,#N/A,,,0
"BARAGA 5 W, MI US",#N/A,#N/A,,,0
"CAPAC 2 N, MI US",#N/A,#N/A,,,0
"CHIPPEWA INTERNATIONAL AIRPORT, MI US",#N/A,#N/A,,,0
"CRYSTAL FALLS 6 NE, MI US",#N/A,#N/A,,,0
"HELL, MI US",#N/A,#N/A,,,0
"FIFE LAKE 3 WSW, MI US",#N/A,#N/A,,,0
"FIFE LAKE 4 SW, MI US",#N/A,#N/A,,,0
"OIL CITY 2 S, MI US",#N/A,#N/A,,,0
"PARADISE, MI US",#N/A,#N/A,,,0
"SAGINAW 5 W, MI US",#N/A,#N/A,,,0
"KEARSARGE, MI US",#N/A,#N/A,,,0
"AHMEEK 1 SW, MI US",#N/A,#N/A,,,0
"MERRILL 1 N, MI US",#N/A,#N/A,,,0
"NWSFO GRAND RAPIDS, MI US",#N/A,#N/A,,,0
"SAMARIA, MI US",#N/A,#N/A,,,0
"CORNELL 4 WSW, MI US",#N/A,#N/A,,,0
"ALBION, MI US",#N/A,#N/A,,,0
"BAD AXE 8 E, MI US",#N/A,#N/A,,,0
"BAY CITY, MI US",#N/A,#N/A,,,0
"BERKLEY, MI US",#N/A,#N/A,,,0
"CANTON, MI US",#N/A,#N/A,,,0
"EAST HOUGHTON LAKE, MI US",#N/A,#N/A,,,0
"EASTPOINTE, MI US",#N/A,#N/A,,,0
"ELKHORN MICHIGAN, MI US",#N/A,#N/A,,,0
"ELLSWORTH 2 ENE, MI US",#N/A,#N/A,,,0
"FRANKENMUTH 1 SE, MI US",#N/A,#N/A,,,0
"GRANDVILLE 1 SW, MI US",#N/A,#N/A,,,0
"HARRISVILLE, MI US",#N/A,#N/A,,,0
"IONIA 3 W, MI US",#N/A,#N/A,,,0
"KINCHELOE AFB, MI US",#N/A,#N/A,,,0
"MACKINAW CITY 2, MI US",#N/A,#N/A,,,0
"MANISTIQUE, MI US",#N/A,#N/A,,,0
"NEWAYGO HARDY DAM, MI US",#N/A,#N/A,,,0
"NEWBERRY 1 N, MI US",#N/A,#N/A,,,0
"ONTONAGON, MI US",#N/A,#N/A,,,0
"PINCONNING WWTP, MI US",#N/A,#N/A,,,0
"TRAVERSE CITY 4.7ESE, MI US",#N/A,#N/A,,,0
"TRAVERSE CITY AIRPORT NUMBER 2, MI US",#N/A,#N/A,,,0
"TWIN LAKES, MI US",#N/A,#N/A,,,0
"WASHINGTON, MI US",#N/A,#N/A,,,0
"WHITE CLOUD 9 E, MI US",#N/A,#N/A,,,0
"ANN ARBOR 1 W, MI US",#N/A,#N/A,,,0
"BYRON 4 WSW, MI US",#N/A,#N/A,,,0
"CHATHAM EXPERIMENT FARM, MI US",#N/A,#N/A,,,0
"HALE 5 SSW, MI US",#N/A,#N/A,,,0
"MARLETTE, MI US",#N/A,#N/A,,,0
"REED CITY WWTP, MI US",#N/A,#N/A,,,0
"AVOCA 4 N, MI US",#N/A,#N/A,,,0
"HIGGINS LAKE, MI US",#N/A,#N/A,,,0
"RAPID RIVER 4 SSE, MI US",#N/A,#N/A,,,0
"ROGERS CITY 3 S, MI US",#N/A,#N/A,,,0
"SAGINAW 9 W, MI US",#N/A,#N/A,,,0
"AKRON 7 NW, MI US",#N/A,#N/A,,,0
"CALUMET TAMARACK, MI US",#N/A,#N/A,,,0
"MICHIGAMME, MI US",#N/A,#N/A,,,0
"MIDLAND NUMBER 2, MI US",#N/A,#N/A,,,0
"ALMONT, MI US",#N/A,#N/A,,,0
"ROMEO, MI US",#N/A,#N/A,,,0
"SHELBY 1 SSW, MI US",#N/A,#N/A,,,0
"SPALDING 1 NW, MI US",#N/A,#N/A,,,0
"ORTONVILLE 2.5 SW, MI US",#N/A,#N/A,,,0
"BROWN CITY, MI US",#N/A,#N/A,,,0
"GLENDORA 1 SSW, MI US",#N/A,#N/A,,,0
"NAUBINWAY 6 E, MI US",#N/A,#N/A,,,0
"FENNVILLE 3 W, MI US",#N/A,#N/A,,,0
"GRANT 4 ENE, MI US",#N/A,#N/A,,,0
"HOPE 3 SW, MI US",#N/A,#N/A,,,0
"KINROSS 2 N, MI US",#N/A,#N/A,,,0
"SKANEE, MI US",#N/A,#N/A,,,0
"ST CHARLES 3 SSW, MI US",#N/A,#N/A,,,0
"WATERVLIET 3 S, MI US",#N/A,#N/A,,,0
"HOPKINS 1 N, MI US",#N/A,#N/A,,,0
"KEWADIN 5 NNE, MI US",#N/A,#N/A,,,0
"MCKINLEY, MI US",#N/A,#N/A,,,0
"POSEYVILLE 4 SW, MI US",#N/A,#N/A,,,0
"N HIGGINS LAKE ST PARK, MI US",#N/A,#N/A,,,0
"SCOTTVILLE 2 SE, MI US",#N/A,#N/A,,,0
"GLENNIE 6 W, MI US",#N/A,#N/A,,,0
"LINWOOOD 7 W, MI US",#N/A,#N/A,,,0
"SANDSTONE, MI US",#N/A,#N/A,,,0