"STATION","NAME","LATITUDE","LONGITUDE","ELEVATION","DATE","CDSD","EMNT","EMXT","HDSD","TAVG","TMAX","TMIN"
"USC00205690","MUNISING, MI US","46.4121","-86.6625","207.3","1995-01","0.0","-19.4","4.4","2311.0","-5.9","-2.7","-9.2"
"USC00205690","MUNISING, MI US","46.4121","-86.6625","207.3","1995-02","0.0","-21.7","4.4","3056.9","-8.3","-3.8","-12.8"
"USC00205690","MUNISING, MI US","46.4121","-86.6625","207.3","1995-03","0.0","-19.4","18.9","3666.4","-1.3","2.9","-5.5"
"USC00205690","MUNISING, MI US","46.4121","-86.6625","207.3","1995-04","0.0","-13.3","12.8","4163.0","1.8","5.7","-2.1"
"USC00205690","MUNISING, MI US","46.4121","-86.6625","207.3","1995-05","5.6","1.7","30.0","4420.6","10.2","15.3","5.1"
"USC00205690","MUNISING, MI US","46.4121","-86.6625","207.3","1995-06","78.0","2.2","32.8","4502.3","18.0","23.9","12.1"
"USC00203391","GRAYLING, MI US","44.64536","-84.69921","350.8","1995-01","0.0","-18.9","5.6","2400.2","-6.1","-2.5","-9.6"
"USC00203391","GRAYLING, MI US","44.64536","-84.69921","350.8","1995-02","0.0","-26.7","6.7","3176.5","-9.4","-4.0","-14.8"
"USC00203391","GRAYLING, MI US","44.64536","-84.69921","350.8","1995-03","0.0","-23.3","21.7","3778.2","-1.1","5.8","-7.9"
"USC00203391","GRAYLING, MI US","44.64536","-84.69921","350.8","1995-04","0.0","-18.9","15.6","4257.5","2.4","8.4","-3.7"
"USC00203391","GRAYLING, MI US","44.64536","-84.69921","350.8","1995-05","0.0","-2.8","26.1","4502.7","10.4","17.8","3.0"
"USC00203391","GRAYLING, MI US","44.64536","-84.69921","350.8","1995-06","76.2","1.1","36.7","4540.2","19.6","27.9","11.3"
"USC00205452","MILFORD GM PROVING GROUND, MI US","42.5794","-83.6844","295.7","1995-01","0.0","-17.8","14.4","1878.4","-3.9","-0.5","-7.4"
"USC00205452","MILFORD GM PROVING GROUND, MI US","42.5794","-83.6844","295.7","1995-02","0.0","-21.7","7.2","2537.9","-6.1","-0.9","-11.3"
"USC00205452","MILFORD GM PROVING GROUND, MI US","42.5794","-83.6844","295.7","1995-03","0.0","-17.8","22.2","3007.1","2.1","8.0","-3.8"
"USC00205452","MILFORD GM PROVING GROUND, MI US","42.5794","-83.6844","295.7","1995-04","0.0","-10.0","20.6","3365.9","6.0","11.3","0.6"
"USC00205452","MILFORD GM PROVING GROUND, MI US","42.5794","-83.6844","295.7","1995-05","2.5","0.6","26.1","3520.1","13.1","19.1","7.1"
"USC00205452","MILFORD GM PROVING GROUND, MI US","42.5794","-83.6844","295.7","1995-06","81.8","5.6","34.4","3533.1","20.9","27.4","14.3"
"USC00208680","WATERSMEET, MI US","46.2778","-89.1742","484.6","1995-01",,,,,,,
"USC00208680","WATERSMEET, MI US","46.2778","-89.1742","484.6","1995-02",,,,,,,
"USC00208680","WATERSMEET, MI US","46.2778","-89.1742","484.6","1995-03",,,,,,,
"USC00208680","WATERSMEET, MI US","46.2778","-89.1742","484.6","1995-04",,"-17.8","14.4",,"0.8","6.6","-5.1"
"USC00208680","WATERSMEET, MI US","46.2778","-89.1742","484.6","1995-05",,"-3.3","27.8",,"10.2","17.2","3.2"
"USC00208680","WATERSMEET, MI US","46.2778","-89.1742","484.6","1995-06",,,,,,,
"USC00205450","MILAN 4 ESE, MI US","42.06639","-83.61861","204.2","1995-01","0.0","-18.9","16.1","1868.5","-2.9","1.4","-7.3"
"USC00205450","MILAN 4 ESE, MI US","42.06639","-83.61861","204.2","1995-02","0.0","-25.6","9.4","2522.5","-5.0","0.7","-10.7"
"USC00205450","MILAN 4 ESE, MI US","42.06639","-83.61861","204.2","1995-03","0.0","-16.7","22.2","2998.6","3.0","9.6","-3.7"
"USC00205450","MILAN 4 ESE, MI US","42.06639","-83.61861","204.2","1995-04","0.0","-11.1","23.9","3326.3","6.6","13.5","-0.3"
"USC00205450","MILAN 4 ESE, MI US","42.06639","-83.61861","204.2","1995-05","4.2","1.1","27.2","3454.8","14.3","21.2","7.5"
"USC00205450","MILAN 4 ESE, MI US","42.06639","-83.61861","204.2","1995-06","79.6","1.1","35.0","3476.0","20.1","27.2","13.0"
"USC00201492","CHEBOYGAN, MI US","45.65225","-84.47239","177.4","1995-01","0.0","-20.6","5.0","2131.2","-5.1","-1.4","-8.8"
"USC00201492","CHEBOYGAN, MI US","45.65225","-84.47239","177.4","1995-02","0.0","-26.7","10.0","2839.3","-9.0","-3.2","-14.8"
"USC00201492","CHEBOYGAN, MI US","45.65225","-84.47239","177.4","1995-03","0.0","-20.6","21.7","3417.5","-1.1","4.6","-6.8"
"USC00201492","CHEBOYGAN, MI US","45.65225","-84.47239","177.4","1995-04","0.0","-10.0","13.3","3871.2","2.6","7.2","-2.1"
"USC00201492","CHEBOYGAN, MI US","45.65225","-84.47239","177.4","1995-05","0.0","-2.2","25.6","4131.5","9.9","15.7","4.1"
"USC00201492","CHEBOYGAN, MI US","45.65225","-84.47239","177.4","1995-06","39.9","6.1","33.9","4178.3","18.1","24.1","12.1"
"USC00207350","SANDUSKY, MI US","43.4194","-82.8191","235.9","1995-01","0.0","-16.7","13.3",,"-3.6","0.0","-7.2"
"USC00207350","SANDUSKY, MI US","43.4194","-82.8191","235.9","1995-02",,,"7.2",,,"-0.3",
"USC00207350","SANDUSKY, MI US","43.4194","-82.8191","235.9","1995-03",,,"22.8",,,"7.6",
"USC00207350","SANDUSKY, MI US","43.4194","-82.8191","235.9","1995-04",,,"17.8",,,"9.9",
"USC00207350","SANDUSKY, MI US","43.4194","-82.8191","235.9","1995-05",,"1.1","25.6",,"13.0","19.4","6.6"
"USC00207350","SANDUSKY, MI US","43.4194","-82.8191","235.9","1995-06",,,"37.8",,,"27.7",
"USC00208043","TAHQUAMENON FALLS S P, MI US","46.6013","-85.2238","227.1","1995-01","0.0","-21.7","1.7",,"-6.5","-3.2","-9.8"
"USC00208043","TAHQUAMENON FALLS S P, MI US","46.6013","-85.2238","227.1","1995-02","0.0","-23.3","4.4",,"-10.7","-5.2","-16.1"
"USC00208043","TAHQUAMENON FALLS S P, MI US","46.6013","-85.2238","227.1","1995-03","0.0","-27.8","18.9",,"-3.1","2.8","-9.1"
"USC00208043","TAHQUAMENON FALLS S P, MI US","46.6013","-85.2238","227.1","1995-04","0.0","-13.9","11.1",,"0.5","5.4","-4.4"
"USC00208043","TAHQUAMENON FALLS S P, MI US","46.6013","-85.2238","227.1","1995-05","1.7","-2.8","28.3",,"9.3","16.3","2.4"
"USC00208043","TAHQUAMENON FALLS S P, MI US","46.6013","-85.2238","227.1","1995-06","63.4","-1.7","33.9",,"18.7","26.4","10.9"
"USC00207190","RUDYARD 4 N, MI US","46.2963","-84.5761","229.5","1995-01","0.0","-20.6","3.3",,"-4.7","-1.3","-8.0"
"USC00207190","RUDYARD 4 N, MI US","46.2963","-84.5761","229.5","1995-02","0.0","-25.6","8.3",,"-9.0","-3.1","-14.9"
"USC00207190","RUDYARD 4 N, MI US","46.2963","-84.5761","229.5","1995-03","0.0","-24.4","20.0",,"-0.1","5.4","-5.6"
"USC00207190","RUDYARD 4 N, MI US","46.2963","-84.5761","229.5","1995-04",,"-11.1","13.9",,"5.3","9.0","1.6"
"USC00207190","RUDYARD 4 N, MI US","46.2963","-84.5761","229.5","1995-05",,"-0.6","28.3",,"11.6","18.6","4.6"
"USC00207190","RUDYARD 4 N, MI US","46.2963","-84.5761","229.5","1995-06",,"3.3","34.4",,"20.2","28.7","11.7"
"USC00200718","BERGLAND DAM, MI US","46.5869","-89.5475","396.2","1995-01","0.0","-23.3","1.7","2548.8","-9.0","-4.9","-13.1"
"USC00200718","BERGLAND DAM, MI US","46.5869","-89.5475","396.2","1995-02","0.0","-27.2","7.8","3295.2","-10.2","-4.2","-16.2"
"USC00200718","BERGLAND DAM, MI US","46.5869","-89.5475","396.2","1995-03","0.0","-31.7","19.4","3909.6","-3.4","3.3","-10.1"
"USC00200718","BERGLAND DAM, MI US","46.5869","-89.5475","396.2","1995-04","0.0","-17.2","14.4","4432.2","-0.3","6.0","-6.5"
"USC00200718","BERGLAND DAM, MI US","46.5869","-89.5475","396.2","1995-05","0.0","-1.7","27.8","4696.6","9.6","16.5","2.7"
"USC00200718","BERGLAND DAM, MI US","46.5869","-89.5475","396.2","1995-06","70.3","-1.1","35.6","4755.5","18.7","26.4","11.0"
"USW00014850","TRAVERSE CITY CHERRY CAPITAL AIRPORT, MI US","44.73895","-85.5679","185.2","1995-01","0.0","-17.2","5.6","1992.6","-4.1","-0.9","-7.4"
"USW00014850","TRAVERSE CITY CHERRY CAPITAL AIRPORT, MI US","44.73895","-85.5679","185.2","1995-02","0.0","-19.4","7.2","2685.4","-6.4","-2.4","-10.4"
"USW00014850","TRAVERSE CITY CHERRY CAPITAL AIRPORT, MI US","44.73895","-85.5679","185.2","1995-03","0.0","-16.1","22.8","3205.0","1.6","6.6","-3.4"
"USW00014850","TRAVERSE CITY CHERRY CAPITAL AIRPORT, MI US","44.73895","-85.5679","185.2","1995-04","0.0","-10.0","19.4","3621.0","4.5","9.8","-0.9"
"USW00014850","TRAVERSE CITY CHERRY CAPITAL AIRPORT, MI US","44.73895","-85.5679","185.2","1995-05","2.8","-0.6","27.8","3825.7","11.8","18.7","4.9"
"USW00014850","TRAVERSE CITY CHERRY CAPITAL AIRPORT, MI US","44.73895","-85.5679","185.2","1995-06","106.5","4.4","35.6","3851.3","20.9","28.1","13.8"
"USC00203429","GREENVILLE 2 NNE, MI US","43.2026","-85.2421","270.7","1995-01","0.0","-20.6","8.9","2035.1","-3.4","-0.2","-6.6"
"USC00203429","GREENVILLE 2 NNE, MI US","43.2026","-85.2421","270.7","1995-02","0.0","-21.7","6.7","2696.6","-5.3","-0.7","-9.9"
"USC00203429","GREENVILLE 2 NNE, MI US","43.2026","-85.2421","270.7","1995-03","0.0","-20.0","23.9","3186.3","2.5","8.6","-3.5"
"USC00203429","GREENVILLE 2 NNE, MI US","43.2026","-85.2421","270.7","1995-04","0.0","-11.7","20.0","3559.9","5.9","12.0","-0.2"
"USC00203429","GREENVILLE 2 NNE, MI US","43.2026","-85.2421","270.7","1995-05","3.6","0.6","27.8","3707.1","13.7","20.3","7.1"
"USC00203429","GREENVILLE 2 NNE, MI US","43.2026","-85.2421","270.7","1995-06","108.2","7.2","36.7","3719.1","21.4","28.1","14.8"
"USC00200710","BENTON HARBOR AIRPORT, MI US","42.1245","-86.4266","190.5","1995-01","0.0","-20.0","11.7",,"-2.8","0.1","-5.7"
"USC00200710","BENTON HARBOR AIRPORT, MI US","42.1245","-86.4266","190.5","1995-02",,"-16.7",,,,,"-6.6"
"USC00200710","BENTON HARBOR AIRPORT, MI US","42.1245","-86.4266","190.5","1995-03",,"-13.9",,,,,"-1.5"
"USC00200710","BENTON HARBOR AIRPORT, MI US","42.1245","-86.4266","190.5","1995-04",,"-6.7",,,,,"2.2"
"USC00200710","BENTON HARBOR AIRPORT, MI US","42.1245","-86.4266","190.5","1995-05",,"0.6",,,,,"7.8"
"USC00200710","BENTON HARBOR AIRPORT, MI US","42.1245","-86.4266","190.5","1995-06",,"4.4",,,,,"14.8"
"USC00203306","GRAND LEDGE 1 NW, MI US","42.7621","-84.7617","244.1","1995-01",,,,,,,
"USC00203306","GRAND LEDGE 1 NW, MI US","42.7621","-84.7617","244.1","1995-02",,,,,,,
"USC00203306","GRAND LEDGE 1 NW, MI US","42.7621","-84.7617","244.1","1995-03",,,,,,,
"USC00203306","GRAND LEDGE 1 NW, MI US","42.7621","-84.7617","244.1","1995-04",,,,,,,
"USC00203306","GRAND LEDGE 1 NW, MI US","42.7621","-84.7617","244.1","1995-05",,,,,,,
"USC00203306","GRAND LEDGE 1 NW, MI US","42.7621","-84.7617","244.1","1995-06",,,,,,,
"USC00203823","HILLSDALE, MI US","41.9352","-84.6411","329.2","1995-01","0.0","-18.9","14.4","1973.9","-4.4","-0.1","-8.8"
"USC00203823","HILLSDALE, MI US","41.9352","-84.6411","329.2","1995-02","0.0","-20.6","8.3","2641.5","-5.5","-0.4","-10.6"
"USC00203823","HILLSDALE, MI US","41.9352","-84.6411","329.2","1995-03","0.0","-14.4","22.2","3134.3","2.4","8.5","-3.7"
"USC00203823","HILLSDALE, MI US","41.9352","-84.6411","329.2","1995-04","0.0","-11.7","24.4","3516.9","5.6","11.6","-0.4"
"USC00203823","HILLSDALE, MI US","41.9352","-84.6411","329.2","1995-05","2.6","0.0","26.7","3677.4","13.2","19.3","7.1"
"USC00203823","HILLSDALE, MI US","41.9352","-84.6411","329.2","1995-06","74.3","5.6","33.9","3704.0","19.8","26.2","13.5"
"USC00202737","FAYETTE 4 SW, MI US","45.66667","-86.71667","227.1","1995-01","0.0","-18.9","3.3","2004.9","-5.4","-2.6","-8.2"
"USC00202737","FAYETTE 4 SW, MI US","45.66667","-86.71667","227.1","1995-02","0.0","-22.8","3.3","2629.5","-7.0","-2.8","-11.1"
"USC00202737","FAYETTE 4 SW, MI US","45.66667","-86.71667","227.1","1995-03","0.0","-17.8","13.3","3222.7","-0.8","3.1","-4.7"
"USC00202737","FAYETTE 4 SW, MI US","45.66667","-86.71667","227.1","1995-04","0.0","-13.3","12.2","3682.6","3.0","7.0","-1.0"
"USC00202737","FAYETTE 4 SW, MI US","45.66667","-86.71667","227.1","1995-05","0.0","2.8","20.0","3898.1","10.9","16.0","5.9"
"USC00202737","FAYETTE 4 SW, MI US","45.66667","-86.71667","227.1","1995-06","62.3","5.0","30.6","3942.5","18.9","24.2","13.6"
"USC00201802","CORNELL 5 SE, MI US","45.8269","-87.1589","242.0","1995-01","0.0","-22.2","2.2",,"-6.4","-2.6","-10.2"
"USC00201802","CORNELL 5 SE, MI US","45.8269","-87.1589","242.0","1995-02","0.0","-22.8","5.6",,"-8.4","-3.2","-13.7"
"USC00201802","CORNELL 5 SE, MI US","45.8269","-87.1589","242.0","1995-03","0.0","-21.7","16.1",,"-1.2","4.5","-6.9"
"USC00201802","CORNELL 5 SE, MI US","45.8269","-87.1589","242.0","1995-04","0.0","-14.4","15.0",,"1.8","7.1","-3.6"
"USC00201802","CORNELL 5 SE, MI US","45.8269","-87.1589","242.0","1995-05","2.8","-1.1","29.4",,"11.1","17.4","4.9"
"USC00201802","CORNELL 5 SE, MI US","45.8269","-87.1589","242.0","1995-06","84.1","2.2","36.1",,"19.5","26.6","12.4"
"USC00203947","HOWELL WWTP, MI US","42.59382","-83.93251","279.5","1995-01",,,,,,,
"USC00203947","HOWELL WWTP, MI US","42.59382","-83.93251","279.5","1995-02",,,,,,,
"USC00203947","HOWELL WWTP, MI US","42.59382","-83.93251","279.5","1995-03",,,,,,,
"USC00203947","HOWELL WWTP, MI US","42.59382","-83.93251","279.5","1995-04",,,,,,,
"USC00203947","HOWELL WWTP, MI US","42.59382","-83.93251","279.5","1995-05",,,,,,,
"USC00203947","HOWELL WWTP, MI US","42.59382","-83.93251","279.5","1995-06",,,,,,,
"USW00014847","SAULT STE MARIE SANDERSON FIELD, MI US","46.47998","-84.35809","219.8","1995-01","0.0","-21.1","2.2","2476.6","-6.2","-3.2","-9.3"
"USW00014847","SAULT STE MARIE SANDERSON FIELD, MI US","46.47998","-84.35809","219.8","1995-02","0.0","-28.9","3.9","3304.5","-11.2","-5.8","-16.7"
"USW00014847","SAULT STE MARIE SANDERSON FIELD, MI US","46.47998","-84.35809","219.8","1995-03","0.0","-25.0","16.7","3938.1","-2.1","2.9","-7.1"
"USW00014847","SAULT STE MARIE SANDERSON FIELD, MI US","46.47998","-84.35809","219.8","1995-04","0.0","-15.0","11.1","4447.3","1.4","5.7","-2.9"
"USW00014847","SAULT STE MARIE SANDERSON FIELD, MI US","46.47998","-84.35809","219.8","1995-05","0.0","-0.6","26.7","4712.4","9.8","15.8","3.8"
"USW00014847","SAULT STE MARIE SANDERSON FIELD, MI US","46.47998","-84.35809","219.8","1995-06","37.8","2.2","32.2","4776.7","17.4","24.2","10.7"
"USC00207867","STEPHENSON 8 WNW, MI US","45.39028","-87.7025","210.3","1995-01","0.0","-22.8","3.3","2449.6","-7.5","-2.5","-12.4"
"USC00207867","STEPHENSON 8 WNW, MI US","45.39028","-87.7025","210.3","1995-02","0.0","-26.1","6.7","3196.1","-8.3","-2.6","-14.0"
"USC00207867","STEPHENSON 8 WNW, MI US","45.39028","-87.7025","210.3","1995-03","0.0","-27.8","21.7","3807.3","-1.4","5.3","-8.1"
"USC00207867","STEPHENSON 8 WNW, MI US","45.39028","-87.7025","210.3","1995-04","0.0","-13.9","16.1","4293.7","2.1","8.1","-3.9"
"USC00207867","STEPHENSON 8 WNW, MI US","45.39028","-87.7025","210.3","1995-05","0.0","-2.8","28.9","4523.0","10.9","18.3","3.6"
"USC00207867","STEPHENSON 8 WNW, MI US","45.39028","-87.7025","210.3","1995-06","78.3","1.7","35.6","4565.5","19.6","27.2","12.0"
"USC00201361","CASS CITY 1 SSW, MI US","43.5861","-83.1805","212.8","1995-01",,,,,,,
"USC00201361","CASS CITY 1 SSW, MI US","43.5861","-83.1805","212.8","1995-02",,,,,,,
"USC00201361","CASS CITY 1 SSW, MI US","43.5861","-83.1805","212.8","1995-03",,,"23.3",,,"8.4",
"USC00201361","CASS CITY 1 SSW, MI US","43.5861","-83.1805","212.8","1995-04",,,"18.9",,,"11.2",
"USC00201361","CASS CITY 1 SSW, MI US","43.5861","-83.1805","212.8","1995-05",,,"28.9",,,"20.7",
"USC00201361","CASS CITY 1 SSW, MI US","43.5861","-83.1805","212.8","1995-06",,,"38.3",,,"28.0",
"USC00200032","ADRIAN 2 NNE, MI US","41.91636","-84.01635","231.6","1995-01","0.0","-18.9","16.7","1865.1","-3.4","1.3","-8.0"
"USC00200032","ADRIAN 2 NNE, MI US","41.91636","-84.01635","231.6","1995-02","0.0","-20.6","11.7","2486.9","-4.7","0.9","-10.4"
"USC00200032","ADRIAN 2 NNE, MI US","41.91636","-84.01635","231.6","1995-03","0.0","-15.6","22.8","2955.9","2.8","10.0","-4.5"
"USC00200032","ADRIAN 2 NNE, MI US","41.91636","-84.01635","231.6","1995-04","0.0","-12.2","25.0","3310.1","6.5","13.0","0.0"
"USC00200032","ADRIAN 2 NNE, MI US","41.91636","-84.01635","231.6","1995-05","1.1","1.1","27.8","3449.3","13.9","20.8","7.0"
"USC00200032","ADRIAN 2 NNE, MI US","41.91636","-84.01635","231.6","1995-06","81.1","5.0","35.6","3465.1","20.5","28.3","12.6"
"USC00204078","IONIA 2 SSW, MI US","42.953","-85.0777","245.4","1995-01","0.0","-19.4","10.0","1991.1","-4.0","-0.9","-7.1"
"USC00204078","IONIA 2 SSW, MI US","42.953","-85.0777","245.4","1995-02","0.0","-20.0","7.2","2671.3","-6.0","-1.6","-10.4"
"USC00204078","IONIA 2 SSW, MI US","42.953","-85.0777","245.4","1995-03","0.0","-17.8","22.8","3176.6","2.0","7.7","-3.7"
"USC00204078","IONIA 2 SSW, MI US","42.953","-85.0777","245.4","1995-04","0.0","-10.6","21.7","3572.3","5.1","10.8","-0.5"
"USC00204078","IONIA 2 SSW, MI US","42.953","-85.0777","245.4","1995-05","3.3","0.6","28.3","3738.3","13.1","18.8","7.4"
"USC00204078","IONIA 2 SSW, MI US","42.953","-85.0777","245.4","1995-06","101.1","5.6","36.7","3763.0","20.8","27.4","14.2"
"USC00203661","HASTINGS, MI US","42.64208","-85.28819","250.2","1995-01","0.0","-20.0","12.8","1946.5","-3.1","0.7","-7.0"
"USC00203661","HASTINGS, MI US","42.64208","-85.28819","250.2","1995-02","0.0","-22.8","8.9","2602.1","-5.1","0.4","-10.6"
"USC00203661","HASTINGS, MI US","42.64208","-85.28819","250.2","1995-03","0.0","-18.9","25.0","3095.2","2.4","9.3","-4.4"
"USC00203661","HASTINGS, MI US","42.64208","-85.28819","250.2","1995-04","0.0","-11.7","23.3","3479.9","5.5","11.7","-0.7"
"USC00203661","HASTINGS, MI US","42.64208","-85.28819","250.2","1995-05","2.2","-0.6","28.3","3657.3","12.7","19.3","6.1"
"USC00203661","HASTINGS, MI US","42.64208","-85.28819","250.2","1995-06","83.7","4.4","35.0","3683.1","20.2","27.4","12.9"
"USC00202851","FLINT 7 W, MI US","43.0377","-83.7694","207.0","1995-01",,,,,,,
"USC00202851","FLINT 7 W, MI US","43.0377","-83.7694","207.0","1995-02",,,,,,,
"USC00202851","FLINT 7 W, MI US","43.0377","-83.7694","207.0","1995-03",,,,,,,
"USC00202851","FLINT 7 W, MI US","43.0377","-83.7694","207.0","1995-04",,,,,,,
"USC00202851","FLINT 7 W, MI US","43.0377","-83.7694","207.0","1995-05",,,,,,,
"USC00202851","FLINT 7 W, MI US","43.0377","-83.7694","207.0","1995-06",,,,,,,
"USC00205603","MORENCI, MI US","41.7216","-84.2147","234.7","1995-01",,,,,,,
"USC00205603","MORENCI, MI US","41.7216","-84.2147","234.7","1995-02",,,,,,,
"USC00205603","MORENCI, MI US","41.7216","-84.2147","234.7","1995-03",,,,,,,
"USC00205603","MORENCI, MI US","41.7216","-84.2147","234.7","1995-04",,,,,,,
"USC00205603","MORENCI, MI US","41.7216","-84.2147","234.7","1995-05",,,,,,,
"USC00205603","MORENCI, MI US","41.7216","-84.2147","234.7","1995-06",,,,,,,
"USC00209006","WILLIAMSTON, MI US","42.7103","-84.2503","272.8","1995-01",,,,,,,
"USC00209006","WILLIAMSTON, MI US","42.7103","-84.2503","272.8","1995-02",,,,,,,
"USC00209006","WILLIAMSTON, MI US","42.7103","-84.2503","272.8","1995-03",,,,,,,
"USC00209006","WILLIAMSTON, MI US","42.7103","-84.2503","272.8","1995-04",,,,,,,
"USC00209006","WILLIAMSTON, MI US","42.7103","-84.2503","272.8","1995-05",,,,,,,
"USC00209006","WILLIAMSTON, MI US","42.7103","-84.2503","272.8","1995-06",,,,,,,
"USC00206658","PONTIAC WWTP, MI US","42.6388","-83.2555","271.3","1995-01","0.0","-17.2","14.4",,"-3.3","-0.3","-6.3"
"USC00206658","PONTIAC WWTP, MI US","42.6388","-83.2555","271.3","1995-02",,,,,,,
"USC00206658","PONTIAC WWTP, MI US","42.6388","-83.2555","271.3","1995-03",,"-15.0","21.7",,"3.1","8.7","-2.4"
"USC00206658","PONTIAC WWTP, MI US","42.6388","-83.2555","271.3","1995-04",,"-9.4","20.0",,"6.3","11.9","0.7"
"USC00206658","PONTIAC WWTP, MI US","42.6388","-83.2555","271.3","1995-05",,"3.3","26.1",,"14.4","20.1","8.8"
"USC00206658","PONTIAC WWTP, MI US","42.6388","-83.2555","271.3","1995-06",,"5.6","34.4",,"20.7","26.7","14.7"
"USC00200552","BATTLE CREEK 5 NW, MI US","42.3678","-85.2634","281.3","1995-01","0.0","-18.9","12.8","1776.0","-2.6","1.0","-6.2"
"USC00200552","BATTLE CREEK 5 NW, MI US","42.3678","-85.2634","281.3","1995-02","0.0","-20.6","8.3","2390.5","-4.3","0.3","-9.0"
"USC00200552","BATTLE CREEK 5 NW, MI US","42.3678","-85.2634","281.3","1995-03","0.0","-16.1","23.9","2850.8","3.5","9.2","-2.2"
"USC00200552","BATTLE CREEK 5 NW, MI US","42.3678","-85.2634","281.3","1995-04","0.0","-12.2","25.0","3177.5","7.2","13.2","1.3"
"USC00200552","BATTLE CREEK 5 NW, MI US","42.3678","-85.2634","281.3","1995-05","1.9","0.6","27.2","3313.6","14.0","20.3","7.7"
"USC00200552","BATTLE CREEK 5 NW, MI US","42.3678","-85.2634","281.3","1995-06","90.2","4.4","34.4","3326.3","20.9","27.3","14.4"
"USC00201486","CHATHAM EXPERIMENT FARM 2, MI US","46.3414","-86.9242","265.2","1995-01","0.0","-20.6","3.3","2327.2","-6.9","-3.0","-10.7"
"USC00201486","CHATHAM EXPERIMENT FARM 2, MI US","46.3414","-86.9242","265.2","1995-02","0.0","-22.2","3.3","3036.8","-8.0","-3.1","-12.9"
"USC00201486","CHATHAM EXPERIMENT FARM 2, MI US","46.3414","-86.9242","265.2","1995-03","0.0","-22.2","15.0","3643.9","-1.2","2.9","-5.4"
"USC00201486","CHATHAM EXPERIMENT FARM 2, MI US","46.3414","-86.9242","265.2","1995-04","0.0","-15.6","12.8","4126.9","2.2","7.3","-2.9"
"USC00201486","CHATHAM EXPERIMENT FARM 2, MI US","46.3414","-86.9242","265.2","1995-05","0.0","-0.6","28.9","4367.5","10.6","17.5","3.7"
"USC00201486","CHATHAM EXPERIMENT FARM 2, MI US","46.3414","-86.9242","265.2","1995-06","82.5","-0.6","37.2","4420.3","19.3","27.5","11.1"
"USC00207742","SPALDING 1 NW, MI US","45.7019","-87.5255","262.1","1995-01",,,,,,,
"USC00207742","SPALDING 1 NW, MI US","45.7019","-87.5255","262.1","1995-02",,,,,,,
"USC00207742","SPALDING 1 NW, MI US","45.7019","-87.5255","262.1","1995-03",,,,,,,
"USC00207742","SPALDING 1 NW, MI US","45.7019","-87.5255","262.1","1995-04",,,,,,,
"USC00207742","SPALDING 1 NW, MI US","45.7019","-87.5255","262.1","1995-05",,,,,,,
"USC00207742","SPALDING 1 NW, MI US","45.7019","-87.5255","262.1","1995-06",,,,,,,
"USC00205567","MONTAGUE 4 NW, MI US","43.461","-86.41773","198.1","1995-01","0.0","-18.9","7.8","1910.6","-3.6","-0.3","-6.9"
"USC00205567","MONTAGUE 4 NW, MI US","43.461","-86.41773","198.1","1995-02",,,,,,,
"USC00205567","MONTAGUE 4 NW, MI US","43.461","-86.41773","198.1","1995-03",,,,,,,
"USC00205567","MONTAGUE 4 NW, MI US","43.461","-86.41773","198.1","1995-04",,"-9.4","20.6",,"5.3","11.1","-0.5"
"USC00205567","MONTAGUE 4 NW, MI US","43.461","-86.41773","198.1","1995-05",,"-1.1","23.9",,"11.9","18.3","5.6"
"USC00205567","MONTAGUE 4 NW, MI US","43.461","-86.41773","198.1","1995-06",,"2.8","35.6",,"19.8","26.4","13.2"
"USW00094814","HOUGHTON LAKE ROSCOMMON CO AIRPORT, MI US","44.35904","-84.6739","350.6","1995-01","0.0","-18.9","6.7","2123.9","-5.0","-1.4","-8.6"
"USW00094814","HOUGHTON LAKE ROSCOMMON CO AIRPORT, MI US","44.35904","-84.6739","350.6","1995-02","0.0","-22.8","7.2","2852.6","-7.7","-2.5","-12.8"
"USW00094814","HOUGHTON LAKE ROSCOMMON CO AIRPORT, MI US","44.35904","-84.6739","350.6","1995-03","0.0","-19.4","22.8","3382.9","1.2","7.4","-4.9"
"USW00094814","HOUGHTON LAKE ROSCOMMON CO AIRPORT, MI US","44.35904","-84.6739","350.6","1995-04","0.0","-10.6","16.7","3797.6","4.5","10.2","-1.2"
"USW00094814","HOUGHTON LAKE ROSCOMMON CO AIRPORT, MI US","44.35904","-84.6739","350.6","1995-05","2.2","0.0","28.3","3980.9","12.5","19.4","5.6"
"USW00094814","HOUGHTON LAKE ROSCOMMON CO AIRPORT, MI US","44.35904","-84.6739","350.6","1995-06","87.4","4.4","39.4","4002.0","20.5","28.7","12.3"
"USC00205065","MANISTEE 3 SE, MI US","44.2113","-86.2938","204.2","1995-01",,"-17.2",,,,,"-6.7"
"USC00205065","MANISTEE 3 SE, MI US","44.2113","-86.2938","204.2","1995-02",,"-20.0","6.7",,"-5.4","-1.8","-8.9"
"USC00205065","MANISTEE 3 SE, MI US","44.2113","-86.2938","204.2","1995-03",,"-16.1",,,,,"-2.8"
"USC00205065","MANISTEE 3 SE, MI US","44.2113","-86.2938","204.2","1995-04",,"-11.1","19.4",,"4.4","9.1","-0.3"
"USC00205065","MANISTEE 3 SE, MI US","44.2113","-86.2938","204.2","1995-05",,"-1.7","26.7",,"11.2","17.9","4.5"
"USC00205065","MANISTEE 3 SE, MI US","44.2113","-86.2938","204.2","1995-06",,"1.7","32.8",,"19.8","26.3","13.4"
"USC00208293","TROUT LAKE 1 SW, MI US","46.1796","-85.0311","250.9","1995-01","0.0","-22.2","1.7","2320.8","-6.5","-2.5","-10.5"
"USC00208293","TROUT LAKE 1 SW, MI US","46.1796","-85.0311","250.9","1995-02","0.0","-24.4","6.1","3054.0","-11.1","-4.2","-17.9"
"USC00208293","TROUT LAKE 1 SW, MI US","46.1796","-85.0311","250.9","1995-03","0.0","-26.7","16.1","3643.5","-2.6","4.3","-9.5"
"USC00208293","TROUT LAKE 1 SW, MI US","46.1796","-85.0311","250.9","1995-04","0.0","-14.4","13.9","4161.0","1.1","6.9","-4.7"
"USC00208293","TROUT LAKE 1 SW, MI US","46.1796","-85.0311","250.9","1995-05","0.0","-3.3","23.9","4438.1","9.1","16.1","2.1"
"USC00200446","BALDWIN, MI US","43.9005","-85.8505","254.5","1995-01","0.0","-20.0","6.1","2071.6","-4.5","-0.5","-8.5"
"USC00200446","BALDWIN, MI US","43.9005","-85.8505","254.5","1995-02","0.0","-23.3","8.9","2735.6","-6.3","-1.4","-11.2"
"USC00200446","BALDWIN, MI US","43.9005","-85.8505","254.5","1995-03","0.0","-23.3","22.2","3265.8","1.2","8.3","-5.9"
"USC00200446","BALDWIN, MI US","43.9005","-85.8505","254.5","1995-04","0.0","-12.8","18.3","3679.6","4.1","10.7","-2.4"
"USC00200446","BALDWIN, MI US","43.9005","-85.8505","254.5","1995-05","0.0","-1.1","26.7","3873.7","11.9","19.6","4.3"
"USC00200446","BALDWIN, MI US","43.9005","-85.8505","254.5","1995-06","75.3","2.8","36.7","3899.6","20.2","28.3","12.0"
"USW00014859","GRAND MARAIS, MI US","46.66667","-85.95","190.2","1995-01","0.0","-21.1","4.4",,"-5.5","-1.7","-9.3"
"USW00014859","GRAND MARAIS, MI US","46.66667","-85.95","190.2","1995-02","0.0","-22.8","5.0",,"-8.2","-2.4","-14.0"
"USW00014859","GRAND MARAIS, MI US","46.66667","-85.95","190.2","1995-03","0.0","-17.8","18.9",,"-1.3","4.0","-6.6"
"USW00014859","GRAND MARAIS, MI US","46.66667","-85.95","190.2","1995-04","0.0","-13.9","11.7",,"1.5","7.4","-4.3"
"USW00014859","GRAND MARAIS, MI US","46.66667","-85.95","190.2","1995-05","1.9","-5.0","28.3",,"9.0","16.3","1.7"
"USW00014859","GRAND MARAIS, MI US","46.66667","-85.95","190.2","1995-06","68.3","-2.8","34.4",,"17.8","25.6","9.9"
"USW00014858","HANCOCK HOUGHTON CO AIRPORT, MI US","47.16594","-88.48076","323.9","1995-01","0.0","-20.6","1.7","2445.5","-6.8","-4.4","-9.2"
"USW00014858","HANCOCK HOUGHTON CO AIRPORT, MI US","47.16594","-88.48076","323.9","1995-02","0.0","-21.7","2.2","3209.4","-8.9","-5.6","-12.3"
"USW00014858","HANCOCK HOUGHTON CO AIRPORT, MI US","47.16594","-88.48076","323.9","1995-03","0.0","-17.2","16.1","3838.7","-2.0","1.1","-5.0"
"USW00014858","HANCOCK HOUGHTON CO AIRPORT, MI US","47.16594","-88.48076","323.9","1995-04","0.0","-16.1","10.6","4364.8","0.8","4.6","-3.0"
"USW00014858","HANCOCK HOUGHTON CO AIRPORT, MI US","47.16594","-88.48076","323.9","1995-05","6.6","2.2","27.8","4609.2","10.7","15.5","5.8"
"USW00014858","HANCOCK HOUGHTON CO AIRPORT, MI US","47.16594","-88.48076","323.9","1995-06","81.8","3.3","33.9","4666.2","18.9","24.9","12.9"
"USC00206303","OXFORD, MI US","42.8094","-83.2569","317.0","1995-01",,,,,,,
"USC00206303","OXFORD, MI US","42.8094","-83.2569","317.0","1995-02",,,,,,,
"USC00206303","OXFORD, MI US","42.8094","-83.2569","317.0","1995-03",,,,,,,
"USC00206303","OXFORD, MI US","42.8094","-83.2569","317.0","1995-04",,,,,,,
"USC00206303","OXFORD, MI US","42.8094","-83.2569","317.0","1995-05",,,,,,,
"USC00206303","OXFORD, MI US","42.8094","-83.2569","317.0","1995-06",,,,,,,
"USC00207515","SENEY WILDLIFE REF, MI US","46.28333","-85.95","216.4","1995-01",,,,,,,
"USC00207515","SENEY WILDLIFE REF, MI US","46.28333","-85.95","216.4","1995-03",,,,,,,
"USC00207515","SENEY WILDLIFE REF, MI US","46.28333","-85.95","216.4","1995-04",,"-13.3","13.3",,"3.3","8.2","-1.6"
"USC00207515","SENEY WILDLIFE REF, MI US","46.28333","-85.95","216.4","1995-05",,"1.7","29.4",,"12.0","18.8","5.2"
"USC00206300","OWOSSO WWTP, MI US","43.0161","-84.18","222.5","1995-01","0.0","-21.7","13.9",,"-3.9","0.1","-7.9"
"USC00206300","OWOSSO WWTP, MI US","43.0161","-84.18","222.5","1995-02","0.0","-23.3","7.8",,"-6.7","-1.5","-11.9"
"USC00206300","OWOSSO WWTP, MI US","43.0161","-84.18","222.5","1995-03","0.0","-17.8","22.8",,"1.8","7.8","-4.2"
"USC00206300","OWOSSO WWTP, MI US","43.0161","-84.18","222.5","1995-04","0.0","-11.7","20.6",,"4.6","10.4","-1.2"
"USC00206300","OWOSSO WWTP, MI US","43.0161","-84.18","222.5","1995-05","1.9","-0.6","27.2",,"12.5","18.3","6.6"
"USC00206300","OWOSSO WWTP, MI US","43.0161","-84.18","222.5","1995-06","76.1","5.0","35.6",,"20.0","26.8","13.1"
"USC00204244","KALAMAZOO STATE HOSPITAL, MI US","42.28333","-85.6","289.6","1995-01","0.0","-13.9","12.8","1463.9","-1.8","2.6","-6.2"
"USC00204244","KALAMAZOO STATE HOSPITAL, MI US","42.28333","-85.6","289.6","1995-02","0.0","-17.2","9.4","1994.7","-3.6","0.9","-8.1"
"USC00204244","KALAMAZOO STATE HOSPITAL, MI US","42.28333","-85.6","289.6","1995-03",,"-12.2",,,,,"-1.6"
"USC00204244","KALAMAZOO STATE HOSPITAL, MI US","42.28333","-85.6","289.6","1995-04",,"-8.9",,,,,"1.2"
"USC00201896","CROSS VILLAGE 1 E, MI US","45.6413","-85.0141","219.8","1995-01","0.0","-17.2","3.9","1967.7","-3.6","-1.0","-6.3"
"USC00201896","CROSS VILLAGE 1 E, MI US","45.6413","-85.0141","219.8","1995-02","0.0","-21.7","8.9","2673.2","-6.9","-1.9","-11.8"
"USC00201896","CROSS VILLAGE 1 E, MI US","45.6413","-85.0141","219.8","1995-03","0.0","-22.8","23.3","3196.1","0.8","6.9","-5.3"
"USC00201896","CROSS VILLAGE 1 E, MI US","45.6413","-85.0141","219.8","1995-04","0.0","-10.6","13.3","3678.4","2.3","7.6","-3.1"
"USC00201896","CROSS VILLAGE 1 E, MI US","45.6413","-85.0141","219.8","1995-05","0.0","-0.6","22.8","3961.9","9.2","15.1","3.3"
"USC00202984","FRANKFORT 2 NE, MI US","44.64822","-86.20986","289.0","1995-01","0.0","-19.4","6.1",,"-3.6","-0.8","-6.4"
"USC00202984","FRANKFORT 2 NE, MI US","44.64822","-86.20986","289.0","1995-02",,"-20.6","6.1",,"-4.7","-0.6","-8.8"
"USC00202984","FRANKFORT 2 NE, MI US","44.64822","-86.20986","289.0","1995-03",,"-11.7","18.3",,"1.9","6.3","-2.4"
"USC00202984","FRANKFORT 2 NE, MI US","44.64822","-86.20986","289.0","1995-04",,"-11.7","21.1",,"4.4","9.5","-0.8"
"USC00202984","FRANKFORT 2 NE, MI US","44.64822","-86.20986","289.0","1995-05",,"1.1","23.3",,"11.4","17.3","5.6"
"USC00202984","FRANKFORT 2 NE, MI US","44.64822","-86.20986","289.0","1995-06",,"6.7","32.2",,"20.1","26.0","14.2"
"USC00207253","SAINT CHARLES, MI US","43.3","-84.16667","182.9","1995-01","0.0","-17.8","10.6",,"-3.7","0.0","-7.3"
"USC00207253","SAINT CHARLES, MI US","43.3","-84.16667","182.9","1995-02","0.0","-22.2","7.2",,"-6.3","-0.8","-11.8"
"USC00207253","SAINT CHARLES, MI US","43.3","-84.16667","182.9","1995-03","0.0","-20.6","22.2",,"1.7","8.1","-4.7"
"USC00207253","SAINT CHARLES, MI US","43.3","-84.16667","182.9","1995-04","0.0","-12.2","19.4",,"5.2","11.4","-0.9"
"USC00207253","SAINT CHARLES, MI US","43.3","-84.16667","182.9","1995-05","0.0","-1.1","27.8",,"13.2","19.6","6.8"
"USC00207253","SAINT CHARLES, MI US","43.3","-84.16667","182.9","1995-06","73.1","3.9","36.7",,"20.2","27.7","12.7"
"USC00205073","MANISTIQUE WWTP, MI US","45.9512","-86.2513","182.9","1995-01","0.0","-20.0","3.3","2349.8","-6.0","-2.6","-9.3"
"USC00205073","MANISTIQUE WWTP, MI US","45.9512","-86.2513","182.9","1995-02","0.0","-22.2","3.3","3058.1","-7.0","-3.1","-10.8"
"USC00205073","MANISTIQUE WWTP, MI US","45.9512","-86.2513","182.9","1995-03","0.0","-13.9","12.2","3646.7","-0.6","3.3","-4.6"
"USC00205073","MANISTIQUE WWTP, MI US","45.9512","-86.2513","182.9","1995-04","0.0","-10.6","11.7","4137.6","2.0","6.0","-2.1"
"USC00205073","MANISTIQUE WWTP, MI US","45.9512","-86.2513","182.9","1995-05","0.0","1.7","22.2","4390.3","10.2","14.9","5.5"
"USC00205073","MANISTIQUE WWTP, MI US","45.9512","-86.2513","182.9","1995-06","34.3","3.9","35.6","4469.1","16.9","21.4","12.3"
"USC00203290","GRAND HAVEN FIRE DEPARTMENT, MI US","43.06222","-86.22444","189.0","1995-01",,"-13.9","10.0",,"-2.5","0.8","-5.9"
"USC00203290","GRAND HAVEN FIRE DEPARTMENT, MI US","43.06222","-86.22444","189.0","1995-02",,"-20.0","8.3",,"-3.7","0.0","-7.4"
"USC00203290","GRAND HAVEN FIRE DEPARTMENT, MI US","43.06222","-86.22444","189.0","1995-03",,"-10.0","20.0",,"3.4","7.1","-0.4"
"USC00203290","GRAND HAVEN FIRE DEPARTMENT, MI US","43.06222","-86.22444","189.0","1995-04",,"-8.3","22.2",,"5.7","10.9","0.4"
"USC00203290","GRAND HAVEN FIRE DEPARTMENT, MI US","43.06222","-86.22444","189.0","1995-05",,"2.8","24.4",,"13.0","17.9","8.1"
"USC00203290","GRAND HAVEN FIRE DEPARTMENT, MI US","43.06222","-86.22444","189.0","1995-06",,"8.3","32.2",,"20.6","25.8","15.4"
"USC00208184","THREE RIVERS, MI US","41.9299","-85.6385","246.9","1995-01","0.0","-21.1","14.4",,"-3.6","0.8","-8.0"
"USC00208184","THREE RIVERS, MI US","41.9299","-85.6385","246.9","1995-02","0.0","-20.0","9.4",,"-4.6","0.8","-9.9"
"USC00208184","THREE RIVERS, MI US","41.9299","-85.6385","246.9","1995-03","0.0","-13.9","24.4",,"3.2","9.6","-3.2"
"USC00208184","THREE RIVERS, MI US","41.9299","-85.6385","246.9","1995-04","0.0","-12.8","25.6",,"6.5","12.7","0.3"
"USC00208184","THREE RIVERS, MI US","41.9299","-85.6385","246.9","1995-05","2.0","0.6","27.8",,"13.2","19.4","6.9"
"USC00208184","THREE RIVERS, MI US","41.9299","-85.6385","246.9","1995-06","89.2","5.6","36.1",,"20.6","27.7","13.5"
"USC00207094","ROGERS CITY, MI US","45.4169","-83.8158","187.5","1995-01","0.0","-16.1","6.1","2078.7","-3.9","-0.7","-7.1"
"USC00207094","ROGERS CITY, MI US","45.4169","-83.8158","187.5","1995-02","0.0","-22.2","10.0","2799.5","-7.4","-2.5","-12.3"
"USC00207094","ROGERS CITY, MI US","45.4169","-83.8158","187.5","1995-03","0.0","-17.2","22.2","3370.6","-0.1","5.4","-5.6"
"USC00207094","ROGERS CITY, MI US","45.4169","-83.8158","187.5","1995-04","0.0","-11.7","15.6","3845.1","2.5","6.9","-1.8"
"USC00207094","ROGERS CITY, MI US","45.4169","-83.8158","187.5","1995-05","0.6","1.1","27.8","4075.3","10.9","16.8","5.1"
"USC00207094","ROGERS CITY, MI US","45.4169","-83.8158","187.5","1995-06","52.3","4.4","36.1","4119.7","18.6","24.9","12.2"
"USC00204939","LOWELL 2 SE, MI US","42.925","-85.3427","231.6","1995-01",,,,,,,
"USC00204939","LOWELL 2 SE, MI US","42.925","-85.3427","231.6","1995-02",,,,,,,
"USC00204939","LOWELL 2 SE, MI US","42.925","-85.3427","231.6","1995-03",,,,,,,
"USC00204939","LOWELL 2 SE, MI US","42.925","-85.3427","231.6","1995-04",,,,,,,
"USC00204939","LOWELL 2 SE, MI US","42.925","-85.3427","231.6","1995-05",,,,,,,
"USC00204939","LOWELL 2 SE, MI US","42.925","-85.3427","231.6","1995-06",,,,,,,
"USC00203969","HUDSON 3 E, MI US","41.8483","-84.2938","266.7","1995-01",,,,,,,
"USC00203969","HUDSON 3 E, MI US","41.8483","-84.2938","266.7","1995-02",,,,,,,
"USC00203969","HUDSON 3 E, MI US","41.8483","-84.2938","266.7","1995-03",,,,,,,
"USC00203969","HUDSON 3 E, MI US","41.8483","-84.2938","266.7","1995-04",,,,,,,
"USC00203969","HUDSON 3 E, MI US","41.8483","-84.2938","266.7","1995-05",,,,,,,
"USC00203969","HUDSON 3 E, MI US","41.8483","-84.2938","266.7","1995-06",,,,,,,
"USC00201780","COPPER HARBOR FORT WILKINS, MI US","47.4679","-87.8671","190.5","1995-01","0.0","-18.3","3.3","2248.6","-5.4","-3.2","-7.6"
"USC00201780","COPPER HARBOR FORT WILKINS, MI US","47.4679","-87.8671","190.5","1995-02","0.0","-21.1","3.9","2957.3","-7.9","-4.3","-11.5"
"USC00201780","COPPER HARBOR FORT WILKINS, MI US","47.4679","-87.8671","190.5","1995-03","0.0","-14.4","16.1","3571.8","-1.5","2.0","-5.0"
"USC00201780","COPPER HARBOR FORT WILKINS, MI US","47.4679","-87.8671","190.5","1995-04","0.0","-15.0","10.0","4087.4","1.1","4.9","-2.6"
"USC00201780","COPPER HARBOR FORT WILKINS, MI US","47.4679","-87.8671","190.5","1995-05","4.2","-2.8","27.8","4366.0","9.5","14.5","4.5"
"USC00201780","COPPER HARBOR FORT WILKINS, MI US","47.4679","-87.8671","190.5","1995-06","25.3","0.6","31.7","4459.2","15.9","22.5","9.4"
"USC00204257","KALKASKA, MI US","44.728","-85.1727","315.5","1995-01","0.0","-18.3","5.0","2328.1","-6.0","-2.8","-9.2"
"USC00204257","KALKASKA, MI US","44.728","-85.1727","315.5","1995-02","0.0","-24.4","6.1","3090.5","-8.9","-4.2","-13.6"
"USC00204257","KALKASKA, MI US","44.728","-85.1727","315.5","1995-03","0.0","-20.6","21.1","3678.2","-0.6","5.2","-6.5"
"USC00204257","KALKASKA, MI US","44.728","-85.1727","315.5","1995-04","0.0","-12.2","16.1","4155.7","2.4","8.0","-3.2"
"USC00204257","KALKASKA, MI US","44.728","-85.1727","315.5","1995-05","0.0","-2.2","25.0","4410.1","10.1","16.8","3.4"
"USC00204257","KALKASKA, MI US","44.728","-85.1727","315.5","1995-06","85.3","2.8","33.9","4447.0","19.9","27.1","12.8"
"USC00206158","OLD MISSION 3 SSW, MI US","44.9215","-85.5161","199.9","1995-01","0.0","-16.1","4.4","1955.3","-4.1","-1.1","-7.0"
"USC00206158","OLD MISSION 3 SSW, MI US","44.9215","-85.5161","199.9","1995-02","0.0","-20.6","7.8","2621.5","-6.5","-2.1","-10.9"
"USC00206158","OLD MISSION 3 SSW, MI US","44.9215","-85.5161","199.9","1995-03","0.0","-15.6","21.1","3178.0","0.4","5.3","-4.6"
"USC00206158","OLD MISSION 3 SSW, MI US","44.9215","-85.5161","199.9","1995-04","0.0","-12.2","16.7","3600.1","3.3","8.4","-1.9"
"USC00206158","OLD MISSION 3 SSW, MI US","44.9215","-85.5161","199.9","1995-05","0.0","-1.7","24.4","3854.8","10.1","16.6","3.6"
"USC00206158","OLD MISSION 3 SSW, MI US","44.9215","-85.5161","199.9","1995-06","73.7","3.9","33.9","3893.9","19.5","26.6","12.4"
"USC00202631","ESSEXVILLE, MI US","43.6155","-83.845","179.2","1995-01","0.0","-16.7","10.0","1929.7","-3.8","-1.2","-6.4"
"USC00202631","ESSEXVILLE, MI US","43.6155","-83.845","179.2","1995-02","0.0","-21.7","6.7","2625.3","-6.5","-2.5","-10.6"
"USC00202631","ESSEXVILLE, MI US","43.6155","-83.845","179.2","1995-03","0.0","-13.3","21.1","3086.2","2.3","6.8","-2.2"
"USC00202631","ESSEXVILLE, MI US","43.6155","-83.845","179.2","1995-04","0.0","-9.4","16.1","3464.6","5.2","9.2","1.2"
"USC00202631","ESSEXVILLE, MI US","43.6155","-83.845","179.2","1995-05","10.3","5.6","31.7","3589.7","14.6","19.7","9.6"
"USC00202631","ESSEXVILLE, MI US","43.6155","-83.845","179.2","1995-06","127.1","7.8","38.3","3616.3","21.3","26.9","15.8"
"USC00204655","LAPEER WWTP, MI US","43.0608","-83.3074","249.9","1995-01","0.0","-17.8","15.0","1926.5","-4.4","-0.7","-8.1"
"USC00204655","LAPEER WWTP, MI US","43.0608","-83.3074","249.9","1995-02","0.0","-22.8","7.8","2580.0","-6.9","-1.7","-12.0"
"USC00204655","LAPEER WWTP, MI US","43.0608","-83.3074","249.9","1995-03","0.0","-17.2","22.8","3082.1","1.4","7.4","-4.5"
"USC00204655","LAPEER WWTP, MI US","43.0608","-83.3074","249.9","1995-04","0.0","-10.0","18.3","3465.4","4.6","10.2","-0.9"
"USC00204655","LAPEER WWTP, MI US","43.0608","-83.3074","249.9","1995-05","1.9","2.2","26.1","3634.2","12.9","18.9","7.0"
"USC00204655","LAPEER WWTP, MI US","43.0608","-83.3074","249.9","1995-06","77.7","5.6","35.0","3667.3","19.8","26.9","12.6"
"USC00202250","DOWAGIAC 1 W, MI US","41.9856","-86.132","225.6","1995-01","0.0","-20.6","13.3","1918.4","-3.5","1.1","-8.1"
"USC00202250","DOWAGIAC 1 W, MI US","41.9856","-86.132","225.6","1995-02","0.0","-17.2","9.4","2540.7","-3.9","1.2","-8.9"
"USC00202250","DOWAGIAC 1 W, MI US","41.9856","-86.132","225.6","1995-03","0.0","-14.4","24.4","2993.8","3.7","9.6","-2.1"
"USC00202250","DOWAGIAC 1 W, MI US","41.9856","-86.132","225.6","1995-04","0.0","-9.4","26.1","3347.9","6.5","12.2","0.8"
"USC00202250","DOWAGIAC 1 W, MI US","41.9856","-86.132","225.6","1995-05","1.1","0.6","27.2","3499.7","13.5","19.6","7.4"
"USC00202250","DOWAGIAC 1 W, MI US","41.9856","-86.132","225.6","1995-06","100.8","4.4","35.0","3519.5","21.0","27.7","14.3"
"USC00203858","HOLLAND WTP, MI US","42.7989","-86.20635","184.4","1995-01",,,,,,,
"USC00203858","HOLLAND WTP, MI US","42.7989","-86.20635","184.4","1995-02",,"-17.8","10.6",,"-3.0","1.7","-7.8"
"USC00203858","HOLLAND WTP, MI US","42.7989","-86.20635","184.4","1995-03",,"-13.9","23.3",,"3.5","9.3","-2.3"
"USC00203858","HOLLAND WTP, MI US","42.7989","-86.20635","184.4","1995-04",,"-8.9","23.9",,"6.2","11.9","0.5"
"USC00203858","HOLLAND WTP, MI US","42.7989","-86.20635","184.4","1995-05",,"2.8","27.2",,"13.3","19.1","7.4"
"USC00203858","HOLLAND WTP, MI US","42.7989","-86.20635","184.4","1995-06",,"1.7","35.6",,"19.4","27.2","11.5"
"USC00200864","BLOOMINGDALE, MI US","42.3838","-85.9626","224.3","1995-01","0.0","-17.8","12.8","1810.5","-3.0","0.6","-6.6"
"USC00200864","BLOOMINGDALE, MI US","42.3838","-85.9626","224.3","1995-02","0.0","-16.7","8.9","2332.1","-3.7","0.4","-7.7"
"USC00200864","BLOOMINGDALE, MI US","42.3838","-85.9626","224.3","1995-03","0.0","-14.4","25.0","2785.4","3.1","9.1","-2.8"
"USC00200864","BLOOMINGDALE, MI US","42.3838","-85.9626","224.3","1995-04","0.0","-8.9","25.0","3101.1","6.0","11.7","0.3"
"USC00200864","BLOOMINGDALE, MI US","42.3838","-85.9626","224.3","1995-05","1.1","0.0","27.2","3259.4","12.6","19.1","6.0"
"USC00200864","BLOOMINGDALE, MI US","42.3838","-85.9626","224.3","1995-06","91.5","4.4","36.1","3282.9","20.6","27.6","13.5"
"USC00204944","LOWELL, MI US","42.92793","-85.34013","199.9","1995-01",,,,,,,
"USC00204944","LOWELL, MI US","42.92793","-85.34013","199.9","1995-02",,,,,,,
"USC00204944","LOWELL, MI US","42.92793","-85.34013","199.9","1995-03",,,,,,,
"USC00204944","LOWELL, MI US","42.92793","-85.34013","199.9","1995-04",,,,,,,
"USC00204944","LOWELL, MI US","42.92793","-85.34013","199.9","1995-05",,,,,,,
"USC00204944","LOWELL, MI US","42.92793","-85.34013","199.9","1995-06",,,,,,,
"USC00207419","SEBEWAING, MI US","43.73194","-83.45917","178.0","1995-02",,,,,,,
"USC00207419","SEBEWAING, MI US","43.73194","-83.45917","178.0","1995-03",,,,,,,
"USC00207419","SEBEWAING, MI US","43.73194","-83.45917","178.0","1995-04",,,,,,,
"USC00207419","SEBEWAING, MI US","43.73194","-83.45917","178.0","1995-05",,,,,,,
"USC00207419","SEBEWAING, MI US","43.73194","-83.45917","178.0","1995-06",,,,,,,
"USC00201439","CHAMPION VAN RIPER P, MI US","46.5193","-87.9859","487.4","1995-01","0.0","-27.2","1.1",,"-10.5","-4.4","-16.5"
"USC00201439","CHAMPION VAN RIPER P, MI US","46.5193","-87.9859","487.4","1995-02",,"-25.0",,,,,"-16.9"
"USC00201439","CHAMPION VAN RIPER P, MI US","46.5193","-87.9859","487.4","1995-03",,"-31.1","17.8",,"-3.6","3.8","-11.0"
"USC00201439","CHAMPION VAN RIPER P, MI US","46.5193","-87.9859","487.4","1995-04",,"-20.6","13.9",,"0.0","5.7","-5.8"
"USC00201439","CHAMPION VAN RIPER P, MI US","46.5193","-87.9859","487.4","1995-05",,"-5.0","27.8",,"8.4","15.7","1.1"
"USC00201439","CHAMPION VAN RIPER P, MI US","46.5193","-87.9859","487.4","1995-06",,"-1.1","35.0",,"16.5","24.9","8.2"
"USC00207812","STAMBAUGH 2 SSE, MI US","46.0555","-88.6275","442.0","1995-01","0.0","-25.6","1.1","2833.0","-10.0","-5.4","-14.7"
"USC00207812","STAMBAUGH 2 SSE, MI US","46.0555","-88.6275","442.0","1995-02","0.0","-31.1","5.6","3655.4","-11.0","-4.9","-17.2"
"USC00207812","STAMBAUGH 2 SSE, MI US","46.0555","-88.6275","442.0","1995-03","0.0","-30.0","20.0","4324.6","-3.2","3.6","-10.1"
"USC00207812","STAMBAUGH 2 SSE, MI US","46.0555","-88.6275","442.0","1995-04","0.0","-19.4","13.9","4877.0","-0.1","6.6","-6.7"
"USC00207812","STAMBAUGH 2 SSE, MI US","46.0555","-88.6275","442.0","1995-05","0.0","-3.9","27.2","5148.0","9.6","16.6","2.6"
"USC00207812","STAMBAUGH 2 SSE, MI US","46.0555","-88.6275","442.0","1995-06","56.0","1.1","36.1","5207.4","18.2","26.2","10.2"
"USC00208468","VESTABURG, MI US","43.3925","-84.90917","278.9","1995-01",,,,,,,
"USC00208468","VESTABURG, MI US","43.3925","-84.90917","278.9","1995-02",,,,,,,
"USC00208468","VESTABURG, MI US","43.3925","-84.90917","278.9","1995-03",,,,,,,
"USC00208468","VESTABURG, MI US","43.3925","-84.90917","278.9","1995-04",,,,,,,
"USC00208468","VESTABURG, MI US","43.3925","-84.90917","278.9","1995-05",,,,,,,
"USC00208468","VESTABURG, MI US","43.3925","-84.90917","278.9","1995-06",,,,,,,
"USC00200343","ATLANTA 5 WNW, MI US","45.02833","-84.23306","359.7","1995-01","0.0","-17.8","4.4","2209.4","-6.3","-3.2","-9.3"
"USC00200343","ATLANTA 5 WNW, MI US","45.02833","-84.23306","359.7","1995-02","0.0","-26.7","6.7","2837.3","-8.6","-4.7","-12.5"
"USC00200343","ATLANTA 5 WNW, MI US","45.02833","-84.23306","359.7","1995-03","0.0","-22.2","22.2","3377.5","-0.8","3.8","-5.5"
"USC00200343","ATLANTA 5 WNW, MI US","45.02833","-84.23306","359.7","1995-04","0.0","-13.9","13.3","3831.7","2.5","7.4","-2.4"
"USC00200343","ATLANTA 5 WNW, MI US","45.02833","-84.23306","359.7","1995-05","0.0","0.6","24.4","4042.7","11.1","17.4","4.8"
"USC00200343","ATLANTA 5 WNW, MI US","45.02833","-84.23306","359.7","1995-06","100.6","5.6","36.7","4068.8","20.8","27.0","14.6"
"USC00201675","COLDWATER ST SCHOOL, MI US","41.9622","-84.9925","299.9","1995-01","0.0","-18.9","15.0","1859.9","-3.6","0.1","-7.3"
"USC00201675","COLDWATER ST SCHOOL, MI US","41.9622","-84.9925","299.9","1995-02","0.0","-19.4","8.9","2472.8","-4.3","-0.1","-8.5"
"USC00201675","COLDWATER ST SCHOOL, MI US","41.9622","-84.9925","299.9","1995-03","0.0","-12.8","23.3","2943.9","3.1","8.3","-2.0"
"USC00201675","COLDWATER ST SCHOOL, MI US","41.9622","-84.9925","299.9","1995-04","0.0","-9.4","24.4","3299.2","6.5","12.3","0.7"
"USC00201675","COLDWATER ST SCHOOL, MI US","41.9622","-84.9925","299.9","1995-05","3.1","1.7","26.7","3435.3","13.9","19.9","7.9"
"USC00201675","COLDWATER ST SCHOOL, MI US","41.9622","-84.9925","299.9","1995-06","88.0","6.7","33.9","3448.1","20.8","27.2","14.4"
"USC00206184","ONAWAY 4 N, MI US","45.4108","-84.2233","227.1","1995-01","0.0","-16.1","6.1","2026.9","-3.9","-0.6","-7.1"
"USC00206184","ONAWAY 4 N, MI US","45.4108","-84.2233","227.1","1995-02","0.0","-24.4","9.4","2742.6","-7.2","-1.5","-12.9"
"USC00206184","ONAWAY 4 N, MI US","45.4108","-84.2233","227.1","1995-03","0.0","-23.9","22.8","3303.2","0.3","7.2","-6.7"
"USC00206184","ONAWAY 4 N, MI US","45.4108","-84.2233","227.1","1995-04","0.0","-11.7","16.1","3749.2","3.5","9.2","-2.3"
"USC00206184","ONAWAY 4 N, MI US","45.4108","-84.2233","227.1","1995-05","1.4","-1.7","28.3","3960.0","11.6","19.1","4.1"
"USC00206184","ONAWAY 4 N, MI US","45.4108","-84.2233","227.1","1995-06","73.1","5.0","33.9","3985.9","19.9","28.3","11.4"
"USW00094847","DETROIT METRO AIRPORT, MI US","42.23113","-83.33121","191.9","1995-01","0.0","-17.2","16.7","1701.2","-2.0","1.3","-5.3"
"USW00094847","DETROIT METRO AIRPORT, MI US","42.23113","-83.33121","191.9","1995-02","0.0","-18.9","11.1","2324.4","-3.9","0.5","-8.4"
"USW00094847","DETROIT METRO AIRPORT, MI US","42.23113","-83.33121","191.9","1995-03","0.0","-12.2","22.2","2769.7","4.0","9.6","-1.7"
"USW00094847","DETROIT METRO AIRPORT, MI US","42.23113","-83.33121","191.9","1995-04","0.0","-8.3","21.7","3092.4","7.6","12.6","2.5"
"USW00094847","DETROIT METRO AIRPORT, MI US","42.23113","-83.33121","191.9","1995-05","5.6","5.0","27.8","3189.9","15.4","20.9","9.9"
"USW00094847","DETROIT METRO AIRPORT, MI US","42.23113","-83.33121","191.9","1995-06","125.0","8.9","35.0","3199.9","22.0","27.8","16.2"
"USC00207277","BEAVER ISLAND, MI US","45.6911","-85.5463","204.8","1995-01","0.0","-15.6","3.3",,"-4.5","-2.1","-6.9"
"USC00207277","BEAVER ISLAND, MI US","45.6911","-85.5463","204.8","1995-02",,"-22.2",,,,,"-11.4"
"USC00207277","BEAVER ISLAND, MI US","45.6911","-85.5463","204.8","1995-03",,,,,,,
"USC00207277","BEAVER ISLAND, MI US","45.6911","-85.5463","204.8","1995-04",,"-9.4","12.2",,"2.8","6.8","-1.1"
"USC00207277","BEAVER ISLAND, MI US","45.6911","-85.5463","204.8","1995-05",,"0.6","24.4",,"10.7","16.2","5.1"
"USC00207277","BEAVER ISLAND, MI US","45.6911","-85.5463","204.8","1995-06",,"6.1","32.8",,"18.1","23.8","12.4"
"USW00094849","ALPENA CO REGIONAL AIRPORT, MI US","45.0716","-83.56451","208.3","1995-01","0.0","-17.2","5.0","2160.7","-4.4","-1.0","-7.9"
"USW00094849","ALPENA CO REGIONAL AIRPORT, MI US","45.0716","-83.56451","208.3","1995-02","0.0","-22.2","8.3","2911.2","-8.5","-2.9","-14.0"
"USW00094849","ALPENA CO REGIONAL AIRPORT, MI US","45.0716","-83.56451","208.3","1995-03","0.0","-22.2","23.9","3480.9","0.0","6.4","-6.5"
"USW00094849","ALPENA CO REGIONAL AIRPORT, MI US","45.0716","-83.56451","208.3","1995-04","0.0","-11.1","16.1","3932.8","3.3","8.2","-1.7"
"USW00094849","ALPENA CO REGIONAL AIRPORT, MI US","45.0716","-83.56451","208.3","1995-05","3.6","-2.8","30.6","4141.8","11.7","18.4","5.0"
"USW00094849","ALPENA CO REGIONAL AIRPORT, MI US","45.0716","-83.56451","208.3","1995-06","55.9","2.2","39.4","4184.0","18.7","26.7","10.7"
"USC00202381","EAST JORDAN, MI US","45.15179","-85.1324","178.9","1995-01","0.0","-18.9","4.4","1980.3","-3.7","-0.1","-7.2"
"USC00202381","EAST JORDAN, MI US","45.15179","-85.1324","178.9","1995-02","0.0","-21.1","7.2","2635.9","-6.1","-0.9","-11.4"
"USC00202381","EAST JORDAN, MI US","45.15179","-85.1324","178.9","1995-03","0.0","-23.3","22.2","3167.9","1.2","7.7","-5.4"
"USC00202381","EAST JORDAN, MI US","45.15179","-85.1324","178.9","1995-04","0.0","-11.1","17.2","3565.4","5.1","11.0","-0.9"
"USC00202381","EAST JORDAN, MI US","45.15179","-85.1324","178.9","1995-05","2.3","-1.1","27.8","3780.3","11.5","18.6","4.4"
"USC00202381","EAST JORDAN, MI US","45.15179","-85.1324","178.9","1995-06","82.7","2.8","35.6","3812.3","19.9","28.7","11.2"
"USC00205892","NILES, MI US","41.8405","-86.2658","198.1","1995-01",,,,,,,
"USC00205892","NILES, MI US","41.8405","-86.2658","198.1","1995-02",,,,,,,
"USC00205892","NILES, MI US","41.8405","-86.2658","198.1","1995-03",,,,,,,
"USC00205892","NILES, MI US","41.8405","-86.2658","198.1","1995-04",,,,,,,
"USC00205892","NILES, MI US","41.8405","-86.2658","198.1","1995-05",,,,,,,
"USC00205892","NILES, MI US","41.8405","-86.2658","198.1","1995-06",,,,,,,
"USC00206220","ONTONAGON 6 SE, MI US","46.8343","-89.2074","240.8","1995-01","0.0","-22.2","5.0",,"-6.4","-3.1","-9.7"
"USC00206220","ONTONAGON 6 SE, MI US","46.8343","-89.2074","240.8","1995-02","0.0","-21.7","8.3",,"-7.4","-3.0","-11.9"
"USC00206220","ONTONAGON 6 SE, MI US","46.8343","-89.2074","240.8","1995-03","0.0","-23.3","18.3",,"-0.2","4.8","-5.3"
"USC00206220","ONTONAGON 6 SE, MI US","46.8343","-89.2074","240.8","1995-04","0.0","-15.6","15.0",,"2.2","7.3","-2.9"
"USC00206220","ONTONAGON 6 SE, MI US","46.8343","-89.2074","240.8","1995-05","1.1","-1.7","28.3",,"11.5","18.2","4.8"
"USC00206220","ONTONAGON 6 SE, MI US","46.8343","-89.2074","240.8","1995-06","63.7","0.6","34.4",,"18.9","26.0","11.8"
"USC00205097","MAPLE CITY 1 E, MI US","44.855","-85.8352","243.5","1995-01","0.0","-22.2","4.4",,"-4.3","-0.4","-8.3"
"USC00205097","MAPLE CITY 1 E, MI US","44.855","-85.8352","243.5","1995-02","0.0","-20.0","7.8",,"-6.1","-1.7","-10.5"
"USC00205097","MAPLE CITY 1 E, MI US","44.855","-85.8352","243.5","1995-03","0.0","-15.6","20.6",,"0.7","6.1","-4.7"
"USC00205097","MAPLE CITY 1 E, MI US","44.855","-85.8352","243.5","1995-04",,"-12.2",,,,,"-1.8"
"USC00205097","MAPLE CITY 1 E, MI US","44.855","-85.8352","243.5","1995-05",,"-1.7","27.8",,"11.2","18.5","3.9"
"USC00205097","MAPLE CITY 1 E, MI US","44.855","-85.8352","243.5","1995-06",,"2.8","36.7",,"20.7","28.4","13.1"
"USC00207274","ST IGNACE MACKINAC B, MI US","45.8488","-84.7227","181.4","1995-01","0.0","-17.2","2.2","2119.7","-4.7","-2.2","-7.2"
"USC00207274","ST IGNACE MACKINAC B, MI US","45.8488","-84.7227","181.4","1995-02","0.0","-27.8","7.2","2866.6","-8.3","-3.9","-12.8"
"USC00207274","ST IGNACE MACKINAC B, MI US","45.8488","-84.7227","181.4","1995-03","0.0","-19.4","11.7","3455.8","-1.3","2.7","-5.4"
"USC00207274","ST IGNACE MACKINAC B, MI US","45.8488","-84.7227","181.4","1995-04","0.0","-12.8","10.6","3919.8","2.3","5.5","-0.9"
"USC00207274","ST IGNACE MACKINAC B, MI US","45.8488","-84.7227","181.4","1995-05","0.0","0.6","21.1","4177.0","10.0","14.9","5.1"
"USC00207274","ST IGNACE MACKINAC B, MI US","45.8488","-84.7227","181.4","1995-06","30.0","6.1","28.9","4226.4","17.6","22.2","13.0"
"USC00202140","DIMONDALE 1 WSW, MI US","42.6444","-84.6503","266.7","1995-01",,,,,,,
"USC00202140","DIMONDALE 1 WSW, MI US","42.6444","-84.6503","266.7","1995-02",,,,,,,
"USC00202140","DIMONDALE 1 WSW, MI US","42.6444","-84.6503","266.7","1995-03",,,,,,,
"USC00202140","DIMONDALE 1 WSW, MI US","42.6444","-84.6503","266.7","1995-04",,,,,,,
"USC00202140","DIMONDALE 1 WSW, MI US","42.6444","-84.6503","266.7","1995-05",,,,,,,
"USC00202140","DIMONDALE 1 WSW, MI US","42.6444","-84.6503","266.7","1995-06",,,,,,,
"USC00200632","BEAVERTON 1 ESE, MI US","43.8797","-84.4741","208.2","1995-01",,,,,,,
"USC00200632","BEAVERTON 1 ESE, MI US","43.8797","-84.4741","208.2","1995-02",,,,,,,
"USC00200632","BEAVERTON 1 ESE, MI US","43.8797","-84.4741","208.2","1995-03",,,,,,,
"USC00200632","BEAVERTON 1 ESE, MI US","43.8797","-84.4741","208.2","1995-04",,,,,,,
"USC00200632","BEAVERTON 1 ESE, MI US","43.8797","-84.4741","208.2","1995-05",,,,,,,
"USC00200632","BEAVERTON 1 ESE, MI US","43.8797","-84.4741","208.2","1995-06",,,,,,,
"USC00203504","GULL LAKE BIOLOGICAL STATION, MI US","42.3941","-85.385","281.9","1995-01","0.0","-17.8","12.8","1752.8","-2.3","1.5","-6.0"
"USC00203504","GULL LAKE BIOLOGICAL STATION, MI US","42.3941","-85.385","281.9","1995-02","0.0","-20.0","8.9","2334.5","-3.9","0.9","-8.7"
"USC00203504","GULL LAKE BIOLOGICAL STATION, MI US","42.3941","-85.385","281.9","1995-03","0.0","-15.6","24.4","2774.9","4.1","10.5","-2.3"
"USC00203504","GULL LAKE BIOLOGICAL STATION, MI US","42.3941","-85.385","281.9","1995-04","0.0","-11.1","24.4","3097.7","7.6","14.1","1.1"
"USC00203504","GULL LAKE BIOLOGICAL STATION, MI US","42.3941","-85.385","281.9","1995-05","7.8","0.6","28.9","3201.5","15.2","22.3","8.2"
"USC00203504","GULL LAKE BIOLOGICAL STATION, MI US","42.3941","-85.385","281.9","1995-06","122.8","6.7","36.7","3210.1","21.9","29.1","14.6"
"USW00014804","MOUNT CLEMENS ANG BASE, MI US","42.6083","-82.8183","176.8","1995-01","0.0","-15.0","17.2","1739.4","-2.0","1.1","-5.0"
"USW00014804","MOUNT CLEMENS ANG BASE, MI US","42.6083","-82.8183","176.8","1995-02","0.0","-18.9","9.4","2276.9","-4.1","0.5","-8.6"
"USW00014804","MOUNT CLEMENS ANG BASE, MI US","42.6083","-82.8183","176.8","1995-03","0.0","-12.2","19.4","2723.9","3.0","8.6","-2.6"
"USW00014804","MOUNT CLEMENS ANG BASE, MI US","42.6083","-82.8183","176.8","1995-04","0.0","-9.4","21.7","3060.7","6.8","11.9","1.7"
"USW00014804","MOUNT CLEMENS ANG BASE, MI US","42.6083","-82.8183","176.8","1995-05","7.3","2.8","26.7","3183.9","14.6","20.0","9.1"
"USW00014804","MOUNT CLEMENS ANG BASE, MI US","42.6083","-82.8183","176.8","1995-06","99.0","7.2","36.1","3202.4","20.8","26.7","14.8"
"USC00205488","MILLINGTON 3 SE, MI US","43.2836","-83.4791","249.9","1995-01",,,,,,,
"USC00205488","MILLINGTON 3 SE, MI US","43.2836","-83.4791","249.9","1995-02",,,,,,,
"USC00205488","MILLINGTON 3 SE, MI US","43.2836","-83.4791","249.9","1995-03",,,,,,,
"USC00205488","MILLINGTON 3 SE, MI US","43.2836","-83.4791","249.9","1995-04",,,,,,,
"USC00205488","MILLINGTON 3 SE, MI US","43.2836","-83.4791","249.9","1995-05",,,,,,,
"USC00205488","MILLINGTON 3 SE, MI US","43.2836","-83.4791","249.9","1995-06",,,,,,,
"USC00200197","AMASA 1 W, MI US","46.2347","-88.4544","448.1","1995-01","0.0","-25.6","1.7",,"-9.0","-4.5","-13.4"
"USC00200197","AMASA 1 W, MI US","46.2347","-88.4544","448.1","1995-02","0.0","-28.9","6.1",,"-10.2","-4.5","-16.0"
"USC00200197","AMASA 1 W, MI US","46.2347","-88.4544","448.1","1995-03","0.0","-31.1","17.8",,"-2.6","3.4","-8.6"
"USC00200197","AMASA 1 W, MI US","46.2347","-88.4544","448.1","1995-04","0.0","-18.3","13.3",,"0.2","6.4","-5.9"
"USC00200197","AMASA 1 W, MI US","46.2347","-88.4544","448.1","1995-05",,,,,,,
"USC00200197","AMASA 1 W, MI US","46.2347","-88.4544","448.1","1995-06",,"0.6","36.7",,"18.8","26.8","10.8"
"USC00200230","ANN ARBOR U OF MICH, MI US","42.29806","-83.66388","247.8","1995-01","0.0","-17.8","15.6","1807.4","-2.8","0.3","-6.0"
"USC00200230","ANN ARBOR U OF MICH, MI US","42.29806","-83.66388","247.8","1995-02","0.0","-20.0","9.4","2442.9","-4.4","0.1","-8.9"
"USC00200230","ANN ARBOR U OF MICH, MI US","42.29806","-83.66388","247.8","1995-03","0.0","-14.4","22.2","2907.1","3.4","9.3","-2.6"
"USC00200230","ANN ARBOR U OF MICH, MI US","42.29806","-83.66388","247.8","1995-04","0.0","-10.0","21.1","3243.3","7.1","12.8","1.4"
"USC00200230","ANN ARBOR U OF MICH, MI US","42.29806","-83.66388","247.8","1995-05","5.9","3.3","26.1","3347.9","15.1","21.1","9.2"
"USC00200230","ANN ARBOR U OF MICH, MI US","42.29806","-83.66388","247.8","1995-06","106.9","7.2","35.0","3356.5","21.4","27.8","15.1"
"USC00202015","DEARBORN, MI US","42.31917","-83.23839","184.4","1995-01","0.0","-16.7","16.7","1592.8","-1.9","2.3","-6.1"
"USC00202015","DEARBORN, MI US","42.31917","-83.23839","184.4","1995-02","0.0","-19.4","10.6","2195.7","-4.7","0.3","-9.7"
"USC00202015","DEARBORN, MI US","42.31917","-83.23839","184.4","1995-03","0.0","-15.0","22.8","2586.4","4.0","11.3","-3.3"
"USC00202015","DEARBORN, MI US","42.31917","-83.23839","184.4","1995-04","0.0","-10.0","22.2","2905.0","7.0","13.1","0.8"
"USC00202015","DEARBORN, MI US","42.31917","-83.23839","184.4","1995-05","5.0","1.1","27.2","3026.5","14.6","21.2","7.9"
"USC00202015","DEARBORN, MI US","42.31917","-83.23839","184.4","1995-06","99.8","6.1","35.6","3039.5","21.1","28.2","13.9"
"USC00204954","LUDINGTON, MI US","43.9066","-86.3942","210.3","1995-01","0.0","-16.1","8.3","1905.2","-3.5","0.4","-7.4"
"USC00204954","LUDINGTON, MI US","43.9066","-86.3942","210.3","1995-02","0.0","-17.8","5.6","2529.0","-4.6","-0.6","-8.7"
"USC00204954","LUDINGTON, MI US","43.9066","-86.3942","210.3","1995-03","0.0","-12.2","22.2","2991.9","2.9","8.1","-2.3"
"USC00204954","LUDINGTON, MI US","43.9066","-86.3942","210.3","1995-04","0.0","-9.4","17.2","3348.1","5.6","11.6","-0.3"
"USC00204954","LUDINGTON, MI US","43.9066","-86.3942","210.3","1995-05",,,,,,,
"USC00204954","LUDINGTON, MI US","43.9066","-86.3942","210.3","1995-06",,"5.6","36.1",,"20.5","27.5","13.5"
"USC00203744","HERMAN, MI US","46.6653","-88.3772","523.3","1995-01","0.0","-24.4","1.1",,"-8.3","-4.8","-11.8"
"USC00203744","HERMAN, MI US","46.6653","-88.3772","523.3","1995-02","0.0","-25.6","5.0",,"-9.5","-5.0","-14.1"
"USC00203744","HERMAN, MI US","46.6653","-88.3772","523.3","1995-03","0.0","-20.6","17.8",,"-0.2","4.4","-4.8"
"USC00203744","HERMAN, MI US","46.6653","-88.3772","523.3","1995-04","0.0","-16.7","11.7",,"1.8","6.4","-2.8"
"USC00203744","HERMAN, MI US","46.6653","-88.3772","523.3","1995-05","7.8","-0.6","28.9",,"12.0","17.5","6.4"
"USC00203744","HERMAN, MI US","46.6653","-88.3772","523.3","1995-06","94.3","1.1","35.0",,"19.8","26.5","13.1"
"USC00207820","STANDISH 4 NE, MI US","44.0126","-83.8977","187.5","1995-01","0.0","-18.3","6.1","2084.3","-4.6","-0.9","-8.2"
"USC00207820","STANDISH 4 NE, MI US","44.0126","-83.8977","187.5","1995-02","0.0","-23.3","7.8","2686.7","-7.2","-2.4","-12.1"
"USC00207820","STANDISH 4 NE, MI US","44.0126","-83.8977","187.5","1995-03","0.0","-16.1","21.1","3204.9","1.0","7.0","-5.0"
"USC00207820","STANDISH 4 NE, MI US","44.0126","-83.8977","187.5","1995-04","0.0","-11.1","16.1","3611.0","3.9","9.2","-1.3"
"USC00207820","STANDISH 4 NE, MI US","44.0126","-83.8977","187.5","1995-05","1.9","1.1","27.8","3800.5","12.3","18.9","5.6"
"USC00207820","STANDISH 4 NE, MI US","44.0126","-83.8977","187.5","1995-06","67.1","5.6","37.8","3835.2","19.4","27.1","11.6"
"USC00208772","WELLSTON TIPPY DAM, MI US","44.2586","-85.9394","198.1","1995-01",,,,,,,
"USC00208772","WELLSTON TIPPY DAM, MI US","44.2586","-85.9394","198.1","1995-02",,,,,,,
"USC00208772","WELLSTON TIPPY DAM, MI US","44.2586","-85.9394","198.1","1995-03",,,,,,,
"USC00208772","WELLSTON TIPPY DAM, MI US","44.2586","-85.9394","198.1","1995-04",,,,,,,
"USC00208772","WELLSTON TIPPY DAM, MI US","44.2586","-85.9394","198.1","1995-05",,,,,,,
"USC00208772","WELLSTON TIPPY DAM, MI US","44.2586","-85.9394","198.1","1995-06",,,,,,,
"USC00200094","ALBION, MI US","42.24941","-84.7732","285.0","1995-01",,,,,,,
"USC00200094","ALBION, MI US","42.24941","-84.7732","285.0","1995-02",,,,,,,
"USC00200094","ALBION, MI US","42.24941","-84.7732","285.0","1995-03",,,,,,,
"USC00200094","ALBION, MI US","42.24941","-84.7732","285.0","1995-04",,,,,,,
"USC00200094","ALBION, MI US","42.24941","-84.7732","285.0","1995-05",,,,,,,
"USC00200094","ALBION, MI US","42.24941","-84.7732","285.0","1995-06",,,,,,,
"USC00208890","WHITE CLOUD 9 E, MI US","43.5491","-85.5841","263.7","1995-01",,,,,,,
"USC00208890","WHITE CLOUD 9 E, MI US","43.5491","-85.5841","263.7","1995-02",,,,,,,
"USC00208890","WHITE CLOUD 9 E, MI US","43.5491","-85.5841","263.7","1995-03",,,,,,,
"USC00208890","WHITE CLOUD 9 E, MI US","43.5491","-85.5841","263.7","1995-04",,,,,,,
"USC00208890","WHITE CLOUD 9 E, MI US","43.5491","-85.5841","263.7","1995-05",,,,,,,
"USC00208890","WHITE CLOUD 9 E, MI US","43.5491","-85.5841","263.7","1995-06",,,,,,,
"USC00209188","YALE 1 NNW, MI US","43.1447","-82.8011","249.9","1995-01",,,,,,,
"USC00209188","YALE 1 NNW, MI US","43.1447","-82.8011","249.9","1995-02",,,,,,,
"USC00209188","YALE 1 NNW, MI US","43.1447","-82.8011","249.9","1995-03",,,,,,,
"USC00209188","YALE 1 NNW, MI US","43.1447","-82.8011","249.9","1995-04",,,,,,,
"USC00209188","YALE 1 NNW, MI US","43.1447","-82.8011","249.9","1995-05",,,,,,,
"USC00209188","YALE 1 NNW, MI US","43.1447","-82.8011","249.9","1995-06",,,,,,,
"USW00014822","DETROIT CITY AIRPORT, MI US","42.40725","-83.00899","189.8","1995-01","0.0","-15.0","16.1","1667.1","-1.4","1.6","-4.4"
"USW00014822","DETROIT CITY AIRPORT, MI US","42.40725","-83.00899","189.8","1995-02","0.0","-18.9","11.1","2284.5","-3.7","0.3","-7.8"
"USW00014822","DETROIT CITY AIRPORT, MI US","42.40725","-83.00899","189.8","1995-03","0.0","-11.1","21.7","2728.8","4.0","9.4","-1.4"
"USW00014822","DETROIT CITY AIRPORT, MI US","42.40725","-83.00899","189.8","1995-04","0.0","-7.8","21.1","3063.6","7.2","11.8","2.5"
"USW00014822","DETROIT CITY AIRPORT, MI US","42.40725","-83.00899","189.8","1995-05","7.8","4.4","27.2","3170.3","15.1","20.3","10.0"
"USW00014822","DETROIT CITY AIRPORT, MI US","42.40725","-83.00899","189.8","1995-06",,"9.4",,,,,"16.6"
"USW00094850","MARQUETTE WEATHER FORECAST OFFICE, MI US","46.5313","-87.5491","431.3","1995-01","0.0","-24.4","2.8","2554.6","-8.1","-4.4","-11.8"
"USW00094850","MARQUETTE WEATHER FORECAST OFFICE, MI US","46.5313","-87.5491","431.3","1995-02","0.0","-23.9","4.4","3332.5","-9.4","-5.2","-13.7"
"USW00094850","MARQUETTE WEATHER FORECAST OFFICE, MI US","46.5313","-87.5491","431.3","1995-03","0.0","-23.3","19.4","3966.9","-2.1","2.1","-6.4"
"USW00094850","MARQUETTE WEATHER FORECAST OFFICE, MI US","46.5313","-87.5491","431.3","1995-04","0.0","-16.7","11.1","4515.1","0.1","4.3","-4.2"
"USW00094850","MARQUETTE WEATHER FORECAST OFFICE, MI US","46.5313","-87.5491","431.3","1995-05","4.4","-0.6","29.4","4770.4","10.2","16.1","4.4"
"USW00094850","MARQUETTE WEATHER FORECAST OFFICE, MI US","46.5313","-87.5491","431.3","1995-06","86.7","1.7","35.6","4831.5","19.0","25.5","12.6"
"USC00207280","SAINT JOHNS, MI US","43.0128","-84.5547","226.5","1995-01","0.0","-18.9","12.2","1941.3","-3.9","-0.3","-7.5"
"USC00207280","SAINT JOHNS, MI US","43.0128","-84.5547","226.5","1995-02","0.0","-20.6","7.2","2564.4","-5.8","-1.8","-9.8"
"USC00207280","SAINT JOHNS, MI US","43.0128","-84.5547","226.5","1995-03","0.0","-16.1","23.9","3039.0","3.0","8.7","-2.6"
"USC00207280","SAINT JOHNS, MI US","43.0128","-84.5547","226.5","1995-04","0.0","-8.9","21.7","3432.6","5.2","11.1","-0.6"
"USC00207280","SAINT JOHNS, MI US","43.0128","-84.5547","226.5","1995-05","2.5","0.6","27.2","3596.9","13.1","19.0","7.3"
"USC00207280","SAINT JOHNS, MI US","43.0128","-84.5547","226.5","1995-06","78.7","7.8","36.1","3621.2","20.1","26.6","13.6"
"USC00205816","NEWBERRY LUCE CO ROAD COMMISSION, MI US","46.35155","-85.51629","241.4","1995-01","0.0","-19.4","3.9",,"-6.0","-2.6","-9.3"
"USC00205816","NEWBERRY LUCE CO ROAD COMMISSION, MI US","46.35155","-85.51629","241.4","1995-02","0.0","-22.8","3.9",,"-9.3","-4.1","-14.6"
"USC00205816","NEWBERRY LUCE CO ROAD COMMISSION, MI US","46.35155","-85.51629","241.4","1995-03","0.0","-21.7","16.1",,"-1.6","3.7","-6.9"
"USC00205816","NEWBERRY LUCE CO ROAD COMMISSION, MI US","46.35155","-85.51629","241.4","1995-04","0.0","-15.6","14.4",,"2.4","7.7","-2.9"
"USC00205816","NEWBERRY LUCE CO ROAD COMMISSION, MI US","46.35155","-85.51629","241.4","1995-05","0.0","-0.6","27.2",,"10.7","17.3","4.1"
"USC00205816","NEWBERRY LUCE CO ROAD COMMISSION, MI US","46.35155","-85.51629","241.4","1995-06","69.5","1.7","34.4",,"19.3","26.8","11.8"
"USC00200128","ALLEGAN 5 NE, MI US","42.5799","-85.7893","228.6","1995-01",,,,,,,
"USC00200128","ALLEGAN 5 NE, MI US","42.5799","-85.7893","228.6","1995-02",,,,,,,
"USC00206507","PETOSKEY, MI US","45.3725","-84.9766","182.6","1995-01","0.0","-14.4","3.9","1970.5","-3.9","-1.6","-6.1"
"USC00206507","PETOSKEY, MI US","45.3725","-84.9766","182.6","1995-02","0.0","-22.2","8.9","2680.7","-7.0","-2.6","-11.5"
"USC00206507","PETOSKEY, MI US","45.3725","-84.9766","182.6","1995-03","0.0","-18.3","21.1","3255.8","-0.8","3.9","-5.5"
"USC00206507","PETOSKEY, MI US","45.3725","-84.9766","182.6","1995-04","0.0","-11.1","15.6","3707.8","2.8","6.6","-1.1"
"USC00206507","PETOSKEY, MI US","45.3725","-84.9766","182.6","1995-05","0.0","1.1","23.3","3973.3","9.5","14.0","5.1"
"USC00206507","PETOSKEY, MI US","45.3725","-84.9766","182.6","1995-06","52.4","6.7","28.9","4013.5","18.7","23.6","13.9"
"USC00204328","KENTON, MI US","46.4863","-88.8916","355.7","1995-02",,,,,,,
"USC00204328","KENTON, MI US","46.4863","-88.8916","355.7","1995-03",,,,,,,
"USC00204328","KENTON, MI US","46.4863","-88.8916","355.7","1995-04",,,,,,,
"USC00204328","KENTON, MI US","46.4863","-88.8916","355.7","1995-05",,,,,,,
"USC00204328","KENTON, MI US","46.4863","-88.8916","355.7","1995-06",,,,,,,
"USW00014817","CADILLAC, MI US","44.2655","-85.3966","394.7","1995-01","0.0","-18.9","6.1","2222.9","-5.2","-1.8","-8.6"
"USW00014817","CADILLAC, MI US","44.2655","-85.3966","394.7","1995-02","0.0","-22.2","7.2","2958.1","-7.9","-3.4","-12.4"
"USW00014817","CADILLAC, MI US","44.2655","-85.3966","394.7","1995-03","0.0","-22.2","22.2","3515.4","0.4","6.7","-6.0"
"USW00014817","CADILLAC, MI US","44.2655","-85.3966","394.7","1995-04","0.0","-11.7","15.6","3967.4","3.3","8.7","-2.2"
"USW00014817","CADILLAC, MI US","44.2655","-85.3966","394.7","1995-05","0.0","-2.2","27.8","4182.9","11.2","18.0","4.4"
"USW00014817","CADILLAC, MI US","44.2655","-85.3966","394.7","1995-06","69.8","5.0","34.4","4210.1","19.6","26.9","12.3"
"USC00204967","LUPTON 1 S, MI US","44.4199","-84.0232","276.8","1995-01","0.0","-22.2","5.0",,"-5.1","-0.4","-9.9"
"USC00204967","LUPTON 1 S, MI US","44.4199","-84.0232","276.8","1995-02","0.0","-27.8","9.4",,"-9.2","-1.5","-16.9"
"USC00204967","LUPTON 1 S, MI US","44.4199","-84.0232","276.8","1995-03","0.0","-22.2","23.3",,"0.2","8.8","-8.3"
"USC00204967","LUPTON 1 S, MI US","44.4199","-84.0232","276.8","1995-04","0.0","-16.1","16.7",,"3.0","10.7","-4.6"
"USC00204967","LUPTON 1 S, MI US","44.4199","-84.0232","276.8","1995-05","0.0","-2.8","27.8",,"11.0","19.7","2.2"
"USC00204967","LUPTON 1 S, MI US","44.4199","-84.0232","276.8","1995-06",,,"40.6",,,"29.0",
"USC00203917","HOUGHTON MTU, MI US","47.11667","-88.55","259.1","1995-01","0.0","-21.1","3.3","2238.2","-6.1","-3.2","-9.1"
"USC00203917","HOUGHTON MTU, MI US","47.11667","-88.55","259.1","1995-02","0.0","-21.1","5.0","2971.5","-7.9","-3.7","-12.0"
"USC00203917","HOUGHTON MTU, MI US","47.11667","-88.55","259.1","1995-03","0.0","-18.3","20.0","3533.6","-0.5","4.3","-5.2"
"USC00203917","HOUGHTON MTU, MI US","47.11667","-88.55","259.1","1995-04","0.0","-16.1","12.2","4025.2","1.9","6.9","-3.0"
"USC00203917","HOUGHTON MTU, MI US","47.11667","-88.55","259.1","1995-05","5.8","1.7","28.3","4245.5","11.4","17.4","5.4"
"USC00203917","HOUGHTON MTU, MI US","47.11667","-88.55","259.1","1995-06","83.1","2.2","35.0","4290.0","19.6","26.5","12.7"
"USW00014814","ALPENA WASTEWATER PLANT, MI US","45.0605","-83.428","179.8","1995-01",,,"4.4",,,"-1.5",
"USW00014814","ALPENA WASTEWATER PLANT, MI US","45.0605","-83.428","179.8","1995-02",,"-22.2","5.6",,"-8.2","-3.9","-12.6"
"USW00014814","ALPENA WASTEWATER PLANT, MI US","45.0605","-83.428","179.8","1995-03",,"-16.7","13.9",,"-0.6","4.4","-5.5"
"USW00014814","ALPENA WASTEWATER PLANT, MI US","45.0605","-83.428","179.8","1995-04",,"-11.7","16.1",,"2.5","6.5","-1.5"
"USW00014814","ALPENA WASTEWATER PLANT, MI US","45.0605","-83.428","179.8","1995-05",,"1.7","29.4",,"11.6","16.7","6.4"
"USW00014814","ALPENA WASTEWATER PLANT, MI US","45.0605","-83.428","179.8","1995-06",,"5.6","37.8",,"17.9","22.2","13.6"
"USC00200925","BOYNE FALLS, MI US","45.1672","-84.9138","221.9","1995-01","0.0","-19.4","5.6","2005.6","-3.8","-0.5","-7.0"
"USC00200925","BOYNE FALLS, MI US","45.1672","-84.9138","221.9","1995-02","0.0","-29.4","8.9","2701.2","-7.4","-1.4","-13.4"
"USC00200925","BOYNE FALLS, MI US","45.1672","-84.9138","221.9","1995-03","0.0","-26.1","23.3","3219.6","1.6","8.6","-5.4"
"USC00200925","BOYNE FALLS, MI US","45.1672","-84.9138","221.9","1995-04","0.0","-11.7","17.2","3620.1","5.0","11.2","-1.2"
"USC00200925","BOYNE FALLS, MI US","45.1672","-84.9138","221.9","1995-05","2.2","-2.2","28.3","3807.3","12.1","20.0","4.1"
"USC00200925","BOYNE FALLS, MI US","45.1672","-84.9138","221.9","1995-06","102.4","3.3","34.4","3833.4","20.8","28.8","12.8"
"USC00205531","MIO HYDRO PLANT, MI US","44.6613","-84.1316","292.6","1995-01","0.0","-20.6","6.1",,"-4.4","-0.4","-8.3"
"USC00205531","MIO HYDRO PLANT, MI US","44.6613","-84.1316","292.6","1995-02","0.0","-24.4","7.8",,"-8.3","-2.5","-14.1"
"USC00205531","MIO HYDRO PLANT, MI US","44.6613","-84.1316","292.6","1995-03","0.0","-23.3","23.9",,"0.0","7.3","-7.4"
"USC00205531","MIO HYDRO PLANT, MI US","44.6613","-84.1316","292.6","1995-04","0.0","-10.0","17.2",,"3.7","9.6","-2.3"
"USC00205531","MIO HYDRO PLANT, MI US","44.6613","-84.1316","292.6","1995-05","0.0","-2.2","26.1",,"11.3","18.8","3.8"
"USC00205531","MIO HYDRO PLANT, MI US","44.6613","-84.1316","292.6","1995-06","70.6","1.7","39.4",,"19.8","28.2","11.4"
"USC00204320","KENT CITY 2 SW, MI US","43.2036","-85.7776","247.8","1995-01",,,,,,,
"USC00204320","KENT CITY 2 SW, MI US","43.2036","-85.7776","247.8","1995-02",,,,,,,
"USC00204320","KENT CITY 2 SW, MI US","43.2036","-85.7776","247.8","1995-03",,,,,,,
"USC00204320","KENT CITY 2 SW, MI US","43.2036","-85.7776","247.8","1995-04",,,,,,,
"USC00204320","KENT CITY 2 SW, MI US","43.2036","-85.7776","247.8","1995-05",,,,,,,
"USC00204320","KENT CITY 2 SW, MI US","43.2036","-85.7776","247.8","1995-06",,,,,,,
"USC00200089","ALBERTA FORD FOR CENTER, MI US","46.6448","-88.4812","399.3","1995-01","0.0","-26.1","1.7","2450.1","-8.8","-4.7","-12.8"
"USC00200089","ALBERTA FORD FOR CENTER, MI US","46.6448","-88.4812","399.3","1995-02","0.0","-23.3","6.1","3188.5","-9.1","-3.9","-14.4"
"USC00200089","ALBERTA FORD FOR CENTER, MI US","46.6448","-88.4812","399.3","1995-03","0.0","-25.6","19.4","3821.0","-2.5","3.4","-8.4"
"USC00200089","ALBERTA FORD FOR CENTER, MI US","46.6448","-88.4812","399.3","1995-04","0.0","-17.2","13.3","4337.1","0.1","5.7","-5.6"
"USC00200089","ALBERTA FORD FOR CENTER, MI US","46.6448","-88.4812","399.3","1995-05","0.0","-4.4","28.3","4562.4","10.1","16.8","3.4"
"USC00200089","ALBERTA FORD FOR CENTER, MI US","46.6448","-88.4812","399.3","1995-06","81.1","0.6","36.7","4625.9","18.9","26.1","11.7"
"USC00201299","CARO WWTP, MI US","43.4838","-83.3919","210.3","1995-01","0.0","-18.9","14.4","1964.4","-3.6","-0.1","-7.1"
"USC00201299","CARO WWTP, MI US","43.4838","-83.3919","210.3","1995-02","0.0","-22.8","7.8","2648.9","-6.1","-1.2","-11.0"
"USC00201299","CARO WWTP, MI US","43.4838","-83.3919","210.3","1995-03","0.0","-17.2","22.2","3152.8","1.6","7.8","-4.6"
"USC00201299","CARO WWTP, MI US","43.4838","-83.3919","210.3","1995-04","0.0","-11.1","18.3","3523.8","6.0","12.0","0.0"
"USC00201299","CARO WWTP, MI US","43.4838","-83.3919","210.3","1995-05","4.5","0.6","27.8","3665.3","13.8","20.8","6.8"
"USC00201299","CARO WWTP, MI US","43.4838","-83.3919","210.3","1995-06","91.6","3.9","37.8","3685.0","20.6","28.6","12.5"
"USC00208920","WHITEFISH POINT, MI US","46.7475","-84.9857","189.6","1995-01","0.0","-16.7","2.2","2290.9","-5.6","-2.9","-8.3"
"USC00208920","WHITEFISH POINT, MI US","46.7475","-84.9857","189.6","1995-02","0.0","-23.3","2.8","3056.3","-9.0","-4.3","-13.7"
"USC00208920","WHITEFISH POINT, MI US","46.7475","-84.9857","189.6","1995-03","0.0","-22.2","13.9","3708.2","-2.7","1.6","-7.0"
"USC00208920","WHITEFISH POINT, MI US","46.7475","-84.9857","189.6","1995-04","0.0","-14.4","11.7","4216.1","1.4","5.3","-2.5"
"USC00208920","WHITEFISH POINT, MI US","46.7475","-84.9857","189.6","1995-05","0.0","-1.7","25.0","4523.8","8.4","14.0","2.8"
"USC00208920","WHITEFISH POINT, MI US","46.7475","-84.9857","189.6","1995-06","34.8","1.1","30.0","4601.4","16.9","23.4","10.5"
"USC00203632","HART 3 WSW, MI US","43.6751","-86.4228","236.2","1995-01","0.0","-18.3","6.7","2116.7","-4.5","-1.1","-7.9"
"USC00203632","HART 3 WSW, MI US","43.6751","-86.4228","236.2","1995-02","0.0","-20.6","7.2","2744.6","-5.9","-2.0","-9.7"
"USC00203632","HART 3 WSW, MI US","43.6751","-86.4228","236.2","1995-04",,,,,,,
"USC00203632","HART 3 WSW, MI US","43.6751","-86.4228","236.2","1995-05",,,,,,,
"USC00203632","HART 3 WSW, MI US","43.6751","-86.4228","236.2","1995-06",,"5.0","36.1",,"20.9","27.6","14.3"
"USC00208800","WEST BRANCH 3 SE, MI US","44.2541","-84.2011","269.7","1995-01","0.0","-20.6","5.6","2243.1","-4.8","-0.5","-9.1"
"USC00208800","WEST BRANCH 3 SE, MI US","44.2541","-84.2011","269.7","1995-02","0.0","-24.4","7.2","2959.2","-8.3","-1.9","-14.7"
"USC00208800","WEST BRANCH 3 SE, MI US","44.2541","-84.2011","269.7","1995-03","0.0","-18.9","22.8","3507.0","0.7","8.0","-6.6"
"USC00208800","WEST BRANCH 3 SE, MI US","44.2541","-84.2011","269.7","1995-04","0.0","-13.9","16.7","3931.8","3.6","10.0","-2.7"
"USC00208800","WEST BRANCH 3 SE, MI US","44.2541","-84.2011","269.7","1995-05","0.0","-1.1","27.2","4138.8","11.6","19.1","4.3"
"USC00208800","WEST BRANCH 3 SE, MI US","44.2541","-84.2011","269.7","1995-06","73.2","3.3","39.4","4169.6","19.8","27.8","11.7"
"USC00202423","EAST TAWAS, MI US","44.2838","-83.5036","178.6","1995-01","0.0","-17.8","6.7","2003.9","-3.4","-0.1","-6.6"
"USC00202423","EAST TAWAS, MI US","44.2838","-83.5036","178.6","1995-02","0.0","-23.9","8.3","2712.9","-7.0","-1.7","-12.3"
"USC00202423","EAST TAWAS, MI US","44.2838","-83.5036","178.6","1995-03","0.0","-17.8","15.0","3258.9","0.7","6.0","-4.6"
"USC00202423","EAST TAWAS, MI US","44.2838","-83.5036","178.6","1995-04","0.0","-11.7","16.1","3681.1","4.3","9.1","-0.6"
"USC00202423","EAST TAWAS, MI US","44.2838","-83.5036","178.6","1995-05","0.9","0.6","26.7","3857.4","12.7","18.9","6.5"
"USC00202423","EAST TAWAS, MI US","44.2838","-83.5036","178.6","1995-06","76.5","5.0","38.3","3896.2","19.6","26.3","12.8"
"USC00207690","SOUTH HAVEN, MI US","42.4014","-86.2826","179.8","1995-01","0.0","-15.6","11.7","1636.9","-1.9","0.7","-4.4"
"USC00207690","SOUTH HAVEN, MI US","42.4014","-86.2826","179.8","1995-02","0.0","-16.7","9.4","2225.5","-2.7","0.6","-5.9"
"USC00207690","SOUTH HAVEN, MI US","42.4014","-86.2826","179.8","1995-03","0.0","-9.4","20.6","2690.1","3.4","6.7","0.0"
"USC00207690","SOUTH HAVEN, MI US","42.4014","-86.2826","179.8","1995-04","0.0","-6.7","23.9","3026.2","7.1","11.6","2.7"
"USC00207690","SOUTH HAVEN, MI US","42.4014","-86.2826","179.8","1995-05","1.4","3.9","25.0","3186.1","13.2","17.3","9.2"
"USC00207690","SOUTH HAVEN, MI US","42.4014","-86.2826","179.8","1995-06","82.6","10.0","30.6","3207.7","20.3","24.2","16.5"
"USC00203096","GAYLORD, MI US","45.0332","-84.7113","401.7","1995-01","0.0","-17.8","3.9","2269.2","-5.7","-2.8","-8.6"
"USC00203096","GAYLORD, MI US","45.0332","-84.7113","401.7","1995-02","0.0","-26.7","6.7","3024.4","-8.6","-3.9","-13.3"
"USC00203096","GAYLORD, MI US","45.0332","-84.7113","401.7","1995-03","0.0","-22.2","20.6","3590.1","0.1","6.3","-6.1"
"USC00203096","GAYLORD, MI US","45.0332","-84.7113","401.7","1995-04","0.0","-12.2","14.4","4032.4","3.6","9.3","-2.1"
"USC00203096","GAYLORD, MI US","45.0332","-84.7113","401.7","1995-05","0.6","-0.6","26.1","4259.9","11.0","18.1","3.9"
"USC00203096","GAYLORD, MI US","45.0332","-84.7113","401.7","1995-06","78.2","2.8","33.9","4293.3","19.8","26.8","12.8"
"USW00094860","GRAND RAPIDS GERALD R FORD INTERNATIONAL AIRPORT, MI US","42.8821","-85.52297","240.3","1995-01","0.0","-18.3","10.6","1901.4","-3.1","-0.2","-5.9"
"USW00094860","GRAND RAPIDS GERALD R FORD INTERNATIONAL AIRPORT, MI US","42.8821","-85.52297","240.3","1995-02","0.0","-21.7","8.3","2552.5","-4.9","-0.7","-9.1"
"USW00094860","GRAND RAPIDS GERALD R FORD INTERNATIONAL AIRPORT, MI US","42.8821","-85.52297","240.3","1995-03","0.0","-17.8","23.9","3034.1","2.8","8.4","-2.8"
"USW00094860","GRAND RAPIDS GERALD R FORD INTERNATIONAL AIRPORT, MI US","42.8821","-85.52297","240.3","1995-04","0.0","-11.1","23.3","3405.0","6.0","11.3","0.7"
"USW00094860","GRAND RAPIDS GERALD R FORD INTERNATIONAL AIRPORT, MI US","42.8821","-85.52297","240.3","1995-05","2.5","0.6","27.8","3556.4","13.5","19.5","7.5"
"USW00094860","GRAND RAPIDS GERALD R FORD INTERNATIONAL AIRPORT, MI US","42.8821","-85.52297","240.3","1995-06","100.2","6.7","36.7","3573.3","21.0","27.5","14.5"
"USW00014833","JACKSON REYNOLDS FIELD, MI US","42.26373","-84.45644","295.9","1995-01","0.0","-18.3","15.6","1881.3","-3.3","0.0","-6.6"
"USW00014833","JACKSON REYNOLDS FIELD, MI US","42.26373","-84.45644","295.9","1995-02","0.0","-19.4","7.8","2537.2","-5.1","-0.7","-9.4"
"USW00014833","JACKSON REYNOLDS FIELD, MI US","42.26373","-84.45644","295.9","1995-03","0.0","-16.7","23.9","3016.5","2.9","8.8","-3.0"
"USW00014833","JACKSON REYNOLDS FIELD, MI US","42.26373","-84.45644","295.9","1995-04","0.0","-10.6","24.4","3372.5","6.5","11.9","1.0"
"USW00014833","JACKSON REYNOLDS FIELD, MI US","42.26373","-84.45644","295.9","1995-05","2.5","1.7","27.2","3505.4","14.1","19.8","8.4"
"USW00014833","JACKSON REYNOLDS FIELD, MI US","42.26373","-84.45644","295.9","1995-06","93.1","7.2","35.6","3526.8","20.6","27.1","14.1"
"USC00203769","HESPERIA 4 WNW, MI US","43.5908","-86.1056","237.7","1995-01","0.0","-18.3","8.3",,"-4.6","0.1","-9.3"
"USC00203769","HESPERIA 4 WNW, MI US","43.5908","-86.1056","237.7","1995-02","0.0","-20.0","7.8",,"-6.5","-0.8","-12.3"
"USC00203769","HESPERIA 4 WNW, MI US","43.5908","-86.1056","237.7","1995-03",,,,,,,
"USC00203769","HESPERIA 4 WNW, MI US","43.5908","-86.1056","237.7","1995-04",,"-11.7","19.4",,"4.4","11.5","-2.7"
"USC00203769","HESPERIA 4 WNW, MI US","43.5908","-86.1056","237.7","1995-05",,"-1.7","25.0",,"11.5","18.7","4.3"
"USC00203769","HESPERIA 4 WNW, MI US","43.5908","-86.1056","237.7","1995-06",,"2.8","37.2",,"20.1","28.0","12.3"
"USC00202437","EATON RAPIDS, MI US","42.518","-84.6521","265.2","1995-01",,,,,,,
"USC00202437","EATON RAPIDS, MI US","42.518","-84.6521","265.2","1995-02",,,,,,,
"USC00202437","EATON RAPIDS, MI US","42.518","-84.6521","265.2","1995-03",,,,,,,
"USC00202437","EATON RAPIDS, MI US","42.518","-84.6521","265.2","1995-04",,,,,,,
"USC00202437","EATON RAPIDS, MI US","42.518","-84.6521","265.2","1995-05",,,,,,,
"USC00202437","EATON RAPIDS, MI US","42.518","-84.6521","265.2","1995-06",,,,,,,
"USC00201502","CHELSEA, MI US","42.3263","-84.0133","274.3","1995-02",,,,,,,
"USC00201502","CHELSEA, MI US","42.3263","-84.0133","274.3","1995-04",,,,,,,
"USC00201502","CHELSEA, MI US","42.3263","-84.0133","274.3","1995-05",,,,,,,
"USC00201502","CHELSEA, MI US","42.3263","-84.0133","274.3","1995-06",,,,,,,
"USW00014828","GLADWIN, MI US","43.9758","-84.4908","236.2","1995-01","0.0","-19.4","7.2",,"-4.0","0.2","-8.1"
"USW00014828","GLADWIN, MI US","43.9758","-84.4908","236.2","1995-02","0.0","-22.2","6.7",,"-6.7","-1.4","-12.0"
"USW00014828","GLADWIN, MI US","43.9758","-84.4908","236.2","1995-03","0.0","-18.3","23.3",,"1.3","8.6","-6.1"
"USW00014828","GLADWIN, MI US","43.9758","-84.4908","236.2","1995-04","0.0","-13.3","17.2",,"4.4","10.6","-1.7"
"USW00014828","GLADWIN, MI US","43.9758","-84.4908","236.2","1995-05","0.0","0.0","27.2",,"12.2","19.5","4.9"
"USW00014828","GLADWIN, MI US","43.9758","-84.4908","236.2","1995-06","74.1","5.6","38.3",,"20.1","28.4","11.8"
"USC00200779","BIG RAPIDS WATER TREATMENT PLANT, MI US","43.7072","-85.4819","273.7","1995-01","0.0","-18.9","6.7","2144.2","-4.4","-0.6","-8.1"
"USC00200779","BIG RAPIDS WATER TREATMENT PLANT, MI US","43.7072","-85.4819","273.7","1995-02","0.0","-24.4","8.3","2844.6","-6.7","-0.6","-12.8"
"USC00200779","BIG RAPIDS WATER TREATMENT PLANT, MI US","43.7072","-85.4819","273.7","1995-03","0.0","-16.7","23.3","3368.3","1.4","8.2","-5.3"
"USC00200779","BIG RAPIDS WATER TREATMENT PLANT, MI US","43.7072","-85.4819","273.7","1995-04","0.0","-11.7","18.3","3746.3","4.6","11.1","-1.9"
"USC00200779","BIG RAPIDS WATER TREATMENT PLANT, MI US","43.7072","-85.4819","273.7","1995-05","0.6","-1.1","28.9","3933.8","12.3","19.6","5.0"
"USC00200779","BIG RAPIDS WATER TREATMENT PLANT, MI US","43.7072","-85.4819","273.7","1995-06","83.2","4.4","36.7","3953.5","20.4","28.0","12.9"
"USC00200417","BAD AXE, MI US","43.808","-82.9938","217.9","1995-01","0.0","-17.2","12.8",,"-4.2","-1.4","-7.1"
"USC00200417","BAD AXE, MI US","43.808","-82.9938","217.9","1995-02","0.0","-20.0","5.6",,"-7.5","-3.3","-11.8"
"USC00200417","BAD AXE, MI US","43.808","-82.9938","217.9","1995-03","0.0","-14.4","21.1",,"0.6","5.8","-4.7"
"USC00200417","BAD AXE, MI US","43.808","-82.9938","217.9","1995-04","0.0","-10.0","16.7",,"3.6","8.3","-1.2"
"USC00200417","BAD AXE, MI US","43.808","-82.9938","217.9","1995-05","0.3","0.6","25.6",,"12.1","18.1","6.1"
"USC00200417","BAD AXE, MI US","43.808","-82.9938","217.9","1995-06","71.6","4.4","36.1",,"19.4","26.0","12.9"
"USW00014826","FLINT FCWOS, MI US","42.96684","-83.74996","234.8","1995-01","0.0","-18.9","14.4","1957.1","-3.7","-0.4","-7.0"
"USW00014826","FLINT FCWOS, MI US","42.96684","-83.74996","234.8","1995-02","0.0","-21.7","7.2","2648.5","-6.4","-1.6","-11.1"
"USW00014826","FLINT FCWOS, MI US","42.96684","-83.74996","234.8","1995-03","0.0","-15.6","23.9","3146.7","2.3","8.0","-3.5"
"USW00014826","FLINT FCWOS, MI US","42.96684","-83.74996","234.8","1995-04","0.0","-10.6","19.4","3520.2","5.9","11.4","0.3"
"USW00014826","FLINT FCWOS, MI US","42.96684","-83.74996","234.8","1995-05","3.3","1.1","27.8","3663.0","13.8","19.9","7.8"
"USW00014826","FLINT FCWOS, MI US","42.96684","-83.74996","234.8","1995-06","81.4","6.1","35.6","3685.7","20.2","27.2","13.1"
"USC00203529","HALE LOUD DAM, MI US","44.4633","-83.7216","221.9","1995-01","0.0","-20.0","4.4","2092.5","-4.2","-0.7","-7.8"
"USC00203529","HALE LOUD DAM, MI US","44.4633","-83.7216","221.9","1995-02","0.0","-23.9","6.1","2793.2","-7.6","-2.0","-13.3"
"USC00203529","HALE LOUD DAM, MI US","44.4633","-83.7216","221.9","1995-03","0.0","-20.0","21.7","3343.7","0.6","7.6","-6.4"
"USC00203529","HALE LOUD DAM, MI US","44.4633","-83.7216","221.9","1995-04","0.0","-14.4","15.0","3747.1","3.9","9.6","-1.8"
"USC00203529","HALE LOUD DAM, MI US","44.4633","-83.7216","221.9","1995-05","0.0","-2.8","28.3","3941.9","12.1","19.3","4.8"
"USC00203529","HALE LOUD DAM, MI US","44.4633","-83.7216","221.9","1995-06","65.8","2.8","37.2","3969.9","19.6","27.1","12.0"
"USC00208417","VANDERBILT 11 ENE, MI US","45.1702","-84.4397","275.8","1995-01","0.0","-21.1","5.0",,"-5.8","-2.2","-9.5"
"USC00208417","VANDERBILT 11 ENE, MI US","45.1702","-84.4397","275.8","1995-02","0.0","-26.7","9.4",,"-9.6","-3.5","-15.8"
"USC00208417","VANDERBILT 11 ENE, MI US","45.1702","-84.4397","275.8","1995-03","0.0","-27.2","21.1",,"-1.8","5.8","-9.4"
"USC00208417","VANDERBILT 11 ENE, MI US","45.1702","-84.4397","275.8","1995-04","0.0","-11.7","15.6",,"2.1","8.3","-4.2"
"USC00208417","VANDERBILT 11 ENE, MI US","45.1702","-84.4397","275.8","1995-05","0.8","-3.9","27.2",,"9.7","17.9","1.5"
"USC00208417","VANDERBILT 11 ENE, MI US","45.1702","-84.4397","275.8","1995-06","73.0","0.6","36.7",,"19.4","28.6","10.2"
"USC00202395","EAST LANSING 4 S, MI US","42.67417","-84.485","268.2","1995-01","0.0","-19.4","13.3","1997.6","-3.8","-0.1","-7.5"
"USC00202395","EAST LANSING 4 S, MI US","42.67417","-84.485","268.2","1995-02","0.0","-21.1","8.3","2680.2","-6.1","-1.3","-10.8"
"USC00202395","EAST LANSING 4 S, MI US","42.67417","-84.485","268.2","1995-03","0.0","-17.8","22.8","3186.2","2.0","8.0","-4.0"
"USC00202395","EAST LANSING 4 S, MI US","42.67417","-84.485","268.2","1995-04","0.0","-11.1","22.8","3576.7","5.1","11.0","-0.9"
"USC00202395","EAST LANSING 4 S, MI US","42.67417","-84.485","268.2","1995-05","0.0","0.0","27.2","3748.4","12.8","19.2","6.4"
"USC00202395","EAST LANSING 4 S, MI US","42.67417","-84.485","268.2","1995-06","74.5","6.1","35.0","3779.3","19.8","27.2","12.4"
"USC00200770","BIG BAY 1 NW, MI US","46.8325","-87.7504","233.2","1995-02",,"-21.7","8.3",,"-7.1","-2.4","-11.9"
"USC00200770","BIG BAY 1 NW, MI US","46.8325","-87.7504","233.2","1995-05",,"-2.2","31.1",,"10.9","17.3","4.4"
"USC00200770","BIG BAY 1 NW, MI US","46.8325","-87.7504","233.2","1995-06",,,,,,,
"USC00205662","CENTRAL MICHIGAN UNIVERSITY, MI US","43.5859","-84.7694","242.3","1995-01","0.0","-21.1","7.2","2037.8","-4.2","-0.9","-7.4"
"USC00205662","CENTRAL MICHIGAN UNIVERSITY, MI US","43.5859","-84.7694","242.3","1995-02","0.0","-21.1","6.7","2663.0","-6.6","-2.1","-11.2"
"USC00205662","CENTRAL MICHIGAN UNIVERSITY, MI US","43.5859","-84.7694","242.3","1995-03","0.0","-15.6","21.7","3172.8","1.9","7.6","-3.8"
"USC00205662","CENTRAL MICHIGAN UNIVERSITY, MI US","43.5859","-84.7694","242.3","1995-04","0.0","-10.0","18.9","3588.6","4.5","9.9","-1.0"
"USC00205662","CENTRAL MICHIGAN UNIVERSITY, MI US","43.5859","-84.7694","242.3","1995-05","3.1","-2.8","30.0","3750.9","12.9","18.9","6.8"
"USC00205662","CENTRAL MICHIGAN UNIVERSITY, MI US","43.5859","-84.7694","242.3","1995-06","97.8","7.2","37.8","3769.5","21.0","27.9","14.2"
"USC00207222","SAGINAW NUMBER 3, MI US","43.4122","-83.9561","182.9","1995-01",,,,,,,
"USC00207222","SAGINAW NUMBER 3, MI US","43.4122","-83.9561","182.9","1995-02",,,,,,,
"USC00207222","SAGINAW NUMBER 3, MI US","43.4122","-83.9561","182.9","1995-03",,,,,,,
"USC00207222","SAGINAW NUMBER 3, MI US","43.4122","-83.9561","182.9","1995-04",,,,,,,
"USC00207222","SAGINAW NUMBER 3, MI US","43.4122","-83.9561","182.9","1995-05",,,,,,,
"USC00207222","SAGINAW NUMBER 3, MI US","43.4122","-83.9561","182.9","1995-06",,,,,,,
"USW00014845","SAGINAW MBS INTERNATIONAL AIRPORT, MI US","43.52808","-84.08133","201.7","1995-01","0.0","-17.8","8.9","1947.9","-3.8","-1.0","-6.5"
"USW00014845","SAGINAW MBS INTERNATIONAL AIRPORT, MI US","43.52808","-84.08133","201.7","1995-02","0.0","-22.8","6.7","2635.8","-6.2","-2.0","-10.5"
"USW00014845","SAGINAW MBS INTERNATIONAL AIRPORT, MI US","43.52808","-84.08133","201.7","1995-03","0.0","-15.0","23.3","3129.3","2.4","7.6","-2.8"
"USW00014845","SAGINAW MBS INTERNATIONAL AIRPORT, MI US","43.52808","-84.08133","201.7","1995-04","0.0","-10.0","19.4","3507.7","5.7","11.0","0.4"
"USW00014845","SAGINAW MBS INTERNATIONAL AIRPORT, MI US","43.52808","-84.08133","201.7","1995-05","4.4","1.7","30.0","3646.0","14.0","20.3","7.8"
"USW00014845","SAGINAW MBS INTERNATIONAL AIRPORT, MI US","43.52808","-84.08133","201.7","1995-06","106.2","7.8","38.9","3663.8","21.1","28.0","14.3"
"USW00014841","PELLSTON REGIONAL AIRPORT, MI US","45.5644","-84.79291","215.3","1995-01","0.0","-20.0","3.3","2211.4","-4.9","-2.0","-7.9"
"USW00014841","PELLSTON REGIONAL AIRPORT, MI US","45.5644","-84.79291","215.3","1995-02","0.0","-27.8","8.3","2980.8","-9.1","-3.5","-14.8"
"USW00014841","PELLSTON REGIONAL AIRPORT, MI US","45.5644","-84.79291","215.3","1995-03","0.0","-23.9","20.6","3571.4","-0.7","5.3","-6.7"
"USW00014841","PELLSTON REGIONAL AIRPORT, MI US","45.5644","-84.79291","215.3","1995-04","0.0","-11.1","13.9","4031.1","3.0","7.7","-1.6"
"USW00014841","PELLSTON REGIONAL AIRPORT, MI US","45.5644","-84.79291","215.3","1995-05","3.4","-0.6","27.8","4261.2","11.0","17.6","4.4"
"USW00014841","PELLSTON REGIONAL AIRPORT, MI US","45.5644","-84.79291","215.3","1995-06","81.9","5.6","37.2","4294.8","19.8","27.0","12.7"
"USW00014840","MUSKEGON CO AIRPORT, MI US","43.17111","-86.23685","190.3","1995-01","0.0","-14.4","8.9","1882.2","-2.7","0.1","-5.5"
"USW00014840","MUSKEGON CO AIRPORT, MI US","43.17111","-86.23685","190.3","1995-02","0.0","-18.3","7.8","2521.5","-4.5","-0.7","-8.2"
"USW00014840","MUSKEGON CO AIRPORT, MI US","43.17111","-86.23685","190.3","1995-03","0.0","-17.8","21.7","3017.8","2.3","7.2","-2.6"
"USW00014840","MUSKEGON CO AIRPORT, MI US","43.17111","-86.23685","190.3","1995-04","0.0","-8.3","21.7","3388.7","6.0","10.7","1.3"
"USW00014840","MUSKEGON CO AIRPORT, MI US","43.17111","-86.23685","190.3","1995-05","0.0","1.1","25.0","3558.0","12.9","18.6","7.2"
"USW00014840","MUSKEGON CO AIRPORT, MI US","43.17111","-86.23685","190.3","1995-06","98.2","6.1","36.7","3577.1","21.0","27.0","14.9"
"USC00203932","HOUGHTON LAKE 6 WSW, MI US","44.3119","-84.8922","345.9","1995-01","0.0","-21.1","6.1","2340.2","-5.6","-1.4","-9.8"
"USC00203932","HOUGHTON LAKE 6 WSW, MI US","44.3119","-84.8922","345.9","1995-02","0.0","-23.9","7.2","3036.5","-8.2","-2.2","-14.2"
"USC00203932","HOUGHTON LAKE 6 WSW, MI US","44.3119","-84.8922","345.9","1995-03","0.0","-26.1","22.2","3572.1","0.4","7.5","-6.6"
"USC00203932","HOUGHTON LAKE 6 WSW, MI US","44.3119","-84.8922","345.9","1995-04","0.0","-14.4","16.1","3994.2","3.3","9.7","-3.2"
"USC00203932","HOUGHTON LAKE 6 WSW, MI US","44.3119","-84.8922","345.9","1995-05","0.0","-2.2","26.7","4220.6","11.0","18.6","3.5"
"USC00203932","HOUGHTON LAKE 6 WSW, MI US","44.3119","-84.8922","345.9","1995-06","67.9","1.7","38.9","4255.3","19.5","28.9","10.1"
"USW00014838","MARQUETTE, MI US","46.5458","-87.3795","186.8","1995-01","0.0","-20.0","6.1","2230.0","-5.2","-1.9","-8.5"
"USW00014838","MARQUETTE, MI US","46.5458","-87.3795","186.8","1995-02","0.0","-22.2","5.0","2938.3","-7.0","-2.8","-11.1"
"USW00014838","MARQUETTE, MI US","46.5458","-87.3795","186.8","1995-03","0.0","-18.3","18.3","3527.4","-0.7","3.3","-4.6"
"USW00014838","MARQUETTE, MI US","46.5458","-87.3795","186.8","1995-04","0.0","-15.6","12.8","4022.7","1.8","6.0","-2.3"
"USW00014838","MARQUETTE, MI US","46.5458","-87.3795","186.8","1995-05","4.4","1.7","30.6","4262.4","10.8","16.5","5.0"
"USW00014838","MARQUETTE, MI US","46.5458","-87.3795","186.8","1995-06","74.0","2.2","35.0","4337.5","18.1","24.2","12.1"
"USW00014836","LANSING CAPITAL CITY AIRPORT, MI US","42.77609","-84.59972","261.2","1995-01","0.0","-18.9","13.3","1996.7","-3.6","-0.2","-7.0"
"USW00014836","LANSING CAPITAL CITY AIRPORT, MI US","42.77609","-84.59972","261.2","1995-02","0.0","-19.4","7.2","2678.0","-6.0","-1.1","-10.9"
"USW00014836","LANSING CAPITAL CITY AIRPORT, MI US","42.77609","-84.59972","261.2","1995-03","0.0","-18.3","23.9","3179.2","2.2","8.0","-3.7"
"USW00014836","LANSING CAPITAL CITY AIRPORT, MI US","42.77609","-84.59972","261.2","1995-04","0.0","-10.6","21.7","3562.6","5.6","11.3","-0.1"
"USW00014836","LANSING CAPITAL CITY AIRPORT, MI US","42.77609","-84.59972","261.2","1995-05","2.0","-1.7","26.7","3731.5","12.9","19.3","6.6"
"USW00014836","LANSING CAPITAL CITY AIRPORT, MI US","42.77609","-84.59972","261.2","1995-06","73.1","4.4","34.4","3759.8","19.8","26.9","12.6"
"USC00205434","MIDLAND, MI US","43.6088","-84.2011","195.1","1995-01","0.0","-17.8","8.9","1828.4","-3.1","-0.2","-6.0"
"USC00205434","MIDLAND, MI US","43.6088","-84.2011","195.1","1995-02","0.0","-22.2","6.1","2487.2","-5.2","-1.0","-9.4"
"USC00205434","MIDLAND, MI US","43.6088","-84.2011","195.1","1995-03","0.0","-15.0","22.2","2965.9","2.9","8.5","-2.7"
"USC00205434","MIDLAND, MI US","43.6088","-84.2011","195.1","1995-04","0.0","-10.0","16.7","3334.4","6.1","11.4","0.7"
"USC00205434","MIDLAND, MI US","43.6088","-84.2011","195.1","1995-05","6.4","2.8","28.3","3454.5","14.7","20.7","8.6"
"USC00205434","MIDLAND, MI US","43.6088","-84.2011","195.1","1995-06","110.5","6.7","37.2","3465.8","21.6","28.1","15.0"
"USC00201476","CHARLOTTE, MI US","42.5499","-84.825","274.9","1995-01","0.0","-18.9","12.8","1981.9","-3.8","-0.2","-7.4"
"USC00201476","CHARLOTTE, MI US","42.5499","-84.825","274.9","1995-02","0.0","-21.7","7.2","2660.1","-5.9","-1.3","-10.5"
"USC00201476","CHARLOTTE, MI US","42.5499","-84.825","274.9","1995-03","0.0","-17.2","22.8","3170.2","1.9","7.8","-4.0"
"USC00201476","CHARLOTTE, MI US","42.5499","-84.825","274.9","1995-04","0.0","-12.2","23.3","3572.7","4.9","10.4","-0.6"
"USC00201476","CHARLOTTE, MI US","42.5499","-84.825","274.9","1995-05","1.4","0.0","26.7","3747.5","12.5","18.3","6.8"
"USC00201476","CHARLOTTE, MI US","42.5499","-84.825","274.9","1995-06","77.4","5.6","34.4","3776.0","19.9","26.3","13.6"
"USC00204502","LAKE CITY EXPERIMENTAL FARM, MI US","44.3088","-85.205","374.9","1995-01","0.0","-21.1","5.6","2333.9","-5.7","-1.8","-9.5"
"USC00204502","LAKE CITY EXPERIMENTAL FARM, MI US","44.3088","-85.205","374.9","1995-02","0.0","-23.9","6.1","3087.6","-8.6","-3.0","-14.2"
"USC00204502","LAKE CITY EXPERIMENTAL FARM, MI US","44.3088","-85.205","374.9","1995-03","0.0","-22.2","21.1","3650.5","0.2","6.8","-6.4"
"USC00204502","LAKE CITY EXPERIMENTAL FARM, MI US","44.3088","-85.205","374.9","1995-04","0.0","-13.3","15.6","4112.8","2.9","8.8","-2.9"
"USC00204502","LAKE CITY EXPERIMENTAL FARM, MI US","44.3088","-85.205","374.9","1995-05","0.0","-2.8","25.6","4345.5","10.8","17.7","3.9"
"USC00204502","LAKE CITY EXPERIMENTAL FARM, MI US","44.3088","-85.205","374.9","1995-06","68.5","3.9","37.2","4379.4","19.5","27.4","11.5"
"USC00205558","MONROE, MI US","41.91389","-83.39417","179.8","1995-01","0.0","-16.1","16.7","1690.8","-2.8","1.0","-6.6"
"USC00205558","MONROE, MI US","41.91389","-83.39417","179.8","1995-02","0.0","-18.3","10.6","2281.6","-3.8","0.8","-8.3"
"USC00205558","MONROE, MI US","41.91389","-83.39417","179.8","1995-03","0.0","-11.7","22.2","2727.5","3.9","9.8","-1.9"
"USC00205558","MONROE, MI US","41.91389","-83.39417","179.8","1995-04","0.0","-9.4","23.3","3066.7","7.0","12.1","1.9"
"USC00205558","MONROE, MI US","41.91389","-83.39417","179.8","1995-05","10.4","5.0","29.4","3162.6","15.6","21.2","10.0"
"USC00205558","MONROE, MI US","41.91389","-83.39417","179.8","1995-06","145.5","8.9","37.8","3169.0","22.6","28.6","16.7"
"USC00204104","IRONWOOD, MI US","46.4656","-90.1892","435.9","1995-01","0.0","-25.6","1.1","2722.3","-10.0","-5.9","-14.1"
"USC00204104","IRONWOOD, MI US","46.4656","-90.1892","435.9","1995-02","0.0","-28.3","6.1","3539.2","-10.8","-5.7","-15.9"
"USC00204104","IRONWOOD, MI US","46.4656","-90.1892","435.9","1995-03","0.0","-28.3","17.2","4188.1","-2.6","2.5","-7.7"
"USC00204104","IRONWOOD, MI US","46.4656","-90.1892","435.9","1995-04","0.0","-18.3","15.0","4736.2","0.1","5.4","-5.3"
"USC00204104","IRONWOOD, MI US","46.4656","-90.1892","435.9","1995-05","0.0","-1.7","26.7","4995.5","10.0","15.9","4.0"
"USC00204104","IRONWOOD, MI US","46.4656","-90.1892","435.9","1995-06","66.6","0.6","34.4","5059.6","18.4","24.9","11.9"
"USC00200146","ALMA, MI US","43.38686","-84.64818","221.9","1995-01","0.0","-20.0","8.3","2077.7","-4.2","0.0","-8.4"
"USC00200146","ALMA, MI US","43.38686","-84.64818","221.9","1995-02","0.0","-21.7","7.8","2775.5","-6.6","-1.2","-12.0"
"USC00200146","ALMA, MI US","43.38686","-84.64818","221.9","1995-03","0.0","-17.8","23.3","3300.0","1.4","8.4","-5.6"
"USC00200146","ALMA, MI US","43.38686","-84.64818","221.9","1995-04","0.0","-12.2","20.6","3718.3","4.4","11.0","-2.2"
"USC00200146","ALMA, MI US","43.38686","-84.64818","221.9","1995-05","1.7","-0.6","28.3","3903.5","12.4","19.6","5.3"
"USC00200146","ALMA, MI US","43.38686","-84.64818","221.9","1995-06","84.6","5.6","37.8","3931.2","20.2","28.4","11.9"
"USC00202445","EAU CLAIRE 4 NE, MI US","42.0153","-86.243","256.0","1995-01","0.0","-21.1","12.2","1742.2","-3.1","0.2","-6.5"
"USC00202445","EAU CLAIRE 4 NE, MI US","42.0153","-86.243","256.0","1995-02","0.0","-18.9","10.0","2349.2","-3.4","0.7","-7.4"
"USC00202445","EAU CLAIRE 4 NE, MI US","42.0153","-86.243","256.0","1995-03","0.0","-11.7","24.4","2774.2","4.6","9.7","-0.5"
"USC00202445","EAU CLAIRE 4 NE, MI US","42.0153","-86.243","256.0","1995-04","0.0","-7.2","25.0","3087.0","7.9","13.9","2.0"
"USC00202445","EAU CLAIRE 4 NE, MI US","42.0153","-86.243","256.0","1995-05","5.6","2.8","27.8","3204.4","14.7","20.5","8.9"
"USC00202445","EAU CLAIRE 4 NE, MI US","42.0153","-86.243","256.0","1995-06","126.9","7.8","35.0","3210.2","22.2","28.1","16.3"
"USC00206007","NORTHPORT 2 W, MI US","45.1322","-85.6472","227.4","1995-01",,,,,,,
"USC00206007","NORTHPORT 2 W, MI US","45.1322","-85.6472","227.4","1995-02",,,,,,,
"USC00206007","NORTHPORT 2 W, MI US","45.1322","-85.6472","227.4","1995-03",,,,,,,
"USC00206007","NORTHPORT 2 W, MI US","45.1322","-85.6472","227.4","1995-04",,,,,,,
"USC00206007","NORTHPORT 2 W, MI US","45.1322","-85.6472","227.4","1995-05",,,,,,,
"USC00206007","NORTHPORT 2 W, MI US","45.1322","-85.6472","227.4","1995-06",,,,,,,
